Link Name,Center of Mass X,Center of Mass Y,Center of Mass Z,Center of Mass Roll,Center of Mass Pitch,Center of Mass Yaw,Mass,Moment Ixx,Moment Ixy,Moment Ixz,Moment Iyy,Moment Iyz,Moment Izz,Visual X,Visual Y,Visual Z,Visual Roll,Visual Pitch,Visual Yaw,Mesh Filename,Color Red,Color Green,Color Blue,Color Alpha,Collision X,Collision Y,Collision Z,Collision Roll,Collision Pitch,Collision Yaw,Collision Mesh Filename,Material Name,SW Components,Coordinate System,Axis Name,Joint Name,Joint Type,Joint Origin X,Joint Origin Y,Joint Origin Z,Joint Origin Roll,Joint Origin Pitch,Joint Origin Yaw,Parent,Joint Axis X,Joint Axis Y,Joint Axis Z,Limit Effort,Limit Velocity,Limit Lower,Limit Upper,Calibration rising,Calibration falling,Dynamics Damping,Dynamics Friction,Safety Soft Upper,Safety Soft Lower,Safety K Position,Safety K Velocity
base_link,-0.0781031796966807,6.40013990763078E-09,-0.017579881731855,0,0,0,7.89106591706423,0.0133823570042563,5.08858786831862E-08,8.74380826146786E-06,0.00953187684375665,-4.50263172039393E-06,0.0120543841685861,0,0,0,0,0,0,package://humanoid_ultra_description/meshes/base_link.STL,0.752941176470588,0.752941176470588,0.752941176470588,1,0,0,0,0,0,0,package://humanoid_ultra_description/meshes/base_link.STL,,腰部（改）-1,base_link_axis,,,,0,0,0,0,0,0,,0,0,0,,,,,,,,,,,,
left_hip_roll_link,0.0821378265385484,-1.90284105194838E-07,-0.010336566648555,0,0,0,1.73664512071164,0.00160438176100155,-7.52185773673382E-11,-9.30081554766048E-06,0.00217816037084315,5.66489712029913E-10,0.00316985951666548,0,0,0,0,0,0,package://humanoid_ultra_description/meshes/left_hip_roll_link.STL,0.752941176470588,0.752941176470588,0.752941176470588,1,0,0,0,0,0,0,package://humanoid_ultra_description/meshes/left_hip_roll_link.STL,,大腿内旋-2,left_hip_roll_axis,left_hip_roll,left_hip_roll_joint,revolute,-0.0835000000000025,0.149766660498395,-0.0343586385440964,0,0,0,base_link,1,0,0,10,10,-3.1416,3.1416,,,,,,,,
left_hip_yaw_link,7.67233315920879E-07,0.0205003549393846,-0.104309383404206,0,0,0,1.46284235577634,0.00503968068930785,-1.40042090186289E-07,4.42949652968909E-07,0.00201636531689819,-0.000896781255670782,0.00414729841628426,0,0,0,0,0,0,package://humanoid_ultra_description/meshes/left_hip_yaw_link.STL,0.752941176470588,0.752941176470588,0.752941176470588,1,0,0,0,0,0,0,package://humanoid_ultra_description/meshes/left_hip_yaw_link.STL,,胯-腿板-1,left_hip_yaw_axis,left_hip_yaw,left_hip_yaw_joint,revolute,0.0834999999999998,0,-0.0274999999999998,0,0,0,left_hip_roll_link,0,0,-1,10,10,-3.1415926,3.1415926,,,,,,,,
left_hip_pitch_link,0.00290200689361373,0.00322728209220917,-0.0315016344748031,0,0,0,8.35630276269156,0.0302812150568841,7.64758600773425E-06,0.000430970033362962,0.0417247317944399,-3.17223315850868E-06,0.0154361619219556,0,0,0,0,0,0,package://humanoid_ultra_description/meshes/left_hip_pitch_link.STL,0.752941176470588,0.752941176470588,0.752941176470588,1,0,0,0,0,0,0,package://humanoid_ultra_description/meshes/left_hip_pitch_link.STL,,左大腿-1,left_hip_pitch_axis,left_hip_pitch,left_hip_pitch_joint,revolute,0,-0.00679999999999965,-0.1652,0,0,0,left_hip_yaw_link,0,-1,0,10,10,-3.1415926,3.1415926,,,,,,,,
left_knee_link,0.00683418872966539,0.000124264638843172,-0.143091896877221,0,0,0,2.02536692124872,0.00726707897427713,1.68884152738762E-06,0.000426386979808117,0.00725297918520801,3.79923958345023E-05,0.000928642065595828,0,0,0,0,0,0,package://humanoid_ultra_description/meshes/left_knee_link.STL,0.752941176470588,0.752941176470588,0.752941176470588,1,0,0,0,0,0,0,package://humanoid_ultra_description/meshes/left_knee_link.STL,,左小腿-1,left_knee_axis,left_knee,left_knee_joint,revolute,0,0,-0.379999999999996,0,0,0,left_hip_pitch_link,0,-1,0,10,10,-3.1415926,3.1415926,,,,,,,,
left_ankle_pitch_link,-2.93852466665134E-10,3.75665804019931E-10,1.29602995002642E-11,0,0,0,0.0241612944467329,1.60258009947214E-06,-4.93048698634837E-14,-3.65713217305712E-08,1.11549878403822E-06,2.19265370914457E-15,2.42331010649696E-06,0,0,0,0,0,0,package://humanoid_ultra_description/meshes/left_ankle_pitch_link.STL,0.650980392156863,0.619607843137255,0.588235294117647,1,0,0,0,0,0,0,package://humanoid_ultra_description/meshes/left_ankle_pitch_link.STL,,十字轴-2,left_ankle_pitch_axis,left_ankle_pitch,left_ankle_pitch_joint,revolute,0,0,-0.3713667324878,0,0,0,left_knee_link,0,1,0,10,10,-3.1415926,3.1415926,,,,,,,,
left_ankle_roll_link,0.0204227352952841,3.87696823382633E-06,-0.025656457546323,0,0,0,0.686921917748093,0.00031001047515309,-6.85781883144683E-12,2.32869572167164E-06,0.00195437130643132,-3.76148918875983E-13,0.00223309537012437,0,0,0,0,0,0,package://humanoid_ultra_description/meshes/left_ankle_roll_link.STL,0.752941176470588,0.752941176470588,0.752941176470588,1,0,0,0,0,0,0,package://humanoid_ultra_description/meshes/left_ankle_roll_link.STL,,足部-1,left_ankle_roll_axis,left_ankle_roll,left_ankle_roll_joint,revolute,0,0,0,0,0.0444420958217119,0,left_ankle_pitch_link,1,0,0,10,10,-3.1415926,3.1415926,,,,,,,,
right_hip_roll_link,0.0821378265385484,-1.90284107415284E-07,-0.010336566648554,0,0,0,1.73664512071165,0.00160438176100156,-7.52185768531055E-11,-9.30081554766078E-06,0.00217816037084316,5.66489712949421E-10,0.00316985951666548,0,0,0,0,0,0,package://humanoid_ultra_description/meshes/right_hip_roll_link.STL,0.752941176470588,0.752941176470588,0.752941176470588,1,0,0,0,0,0,0,package://humanoid_ultra_description/meshes/right_hip_roll_link.STL,,大腿内旋-1,right_hip_roll_axis,right_hip_roll,right_hip_roll_joint,revolute,-0.0835000000000026,-0.149766660498396,-0.034358638544096,0,0,0,base_link,1,0,0,10,10,-3.1416,3.1416,,,,,,,,
right_hip_yaw_link,-7.67233316153332E-07,-0.0205003549393837,-0.104309383404206,0,0,0,1.46284235577635,0.0050396806893079,-1.40042090191095E-07,-4.42949652969505E-07,0.00201636531689825,0.000896781255670798,0.00414729841628434,0,0,0,0,0,0,package://humanoid_ultra_description/meshes/right_hip_yaw_link.STL,0.752941176470588,0.752941176470588,0.752941176470588,1,0,0,0,0,0,0,package://humanoid_ultra_description/meshes/right_hip_yaw_link.STL,,胯-腿板-2,right_hip_yaw_axis,right_hip_yaw,right_hip_yaw_joint,revolute,0.0834999999999998,0,-0.027499999999999,0,0,0,right_hip_roll_link,0,0,-1,10,10,-3.1415926,3.1415926,,,,,,,,
right_hip_pitch_link,0.00289910739639842,-0.00314608705638994,-0.0312335752006904,0,0,0,8.38236123080177,0.0303725503338614,-4.46733925401142E-06,0.000419708224204106,0.0418816779497492,1.89930794591943E-06,0.0155259522990322,0,0,0,0,0,0,package://humanoid_ultra_description/meshes/right_hip_pitch_link.STL,0.752941176470588,0.752941176470588,0.752941176470588,1,0,0,0,0,0,0,package://humanoid_ultra_description/meshes/right_hip_pitch_link.STL,,右大腿-2,right_hip_pitch_axis,right_hip_pitch,right_hip_pitch_joint,revolute,0,0.00680000000000042,-0.165200000000001,0,0,0,right_hip_yaw_link,0,1,0,10,10,-3.1415926,3.1415926,,,,,,,,
right_knee_link,0.00683419554473487,-0.000104858302558852,-0.143091869088048,0,0,0,2.02536771173414,0.0072670801190675,-1.69015896581892E-06,0.000426386756131084,0.00725298053525807,-3.79934916516599E-05,0.000928643217031301,0,0,0,0,0,0,package://humanoid_ultra_description/meshes/right_knee_link.STL,0.752941176470588,0.752941176470588,0.752941176470588,1,0,0,0,0,0,0,package://humanoid_ultra_description/meshes/right_knee_link.STL,,右小腿-1,right_knee_axis,right_knee,right_knee_joint,revolute,0,0,-0.38,0,0,0,right_hip_pitch_link,0,-1,0,10,10,-3.1415926,3.1415926,,,,,,,,
right_ankle_pitch_link,-2.94115183596677E-10,-3.75663944396365E-10,1.29813937377321E-11,0,0,0,0.0241612944467328,1.60258009947213E-06,4.9304870261777E-14,-3.65713217305718E-08,1.11549878403822E-06,-2.1926580087855E-15,2.42331010649696E-06,0,0,0,0,0,0,package://humanoid_ultra_description/meshes/right_ankle_pitch_link.STL,0.650980392156863,0.619607843137255,0.588235294117647,1,0,0,0,0,0,0,package://humanoid_ultra_description/meshes/right_ankle_pitch_link.STL,,十字轴-1,right_ankle_pitch_axis,right_ankle_pitch,right_ankle_pitch_joint,revolute,0,0,-0.371366732487818,0,0,0,right_knee_link,0,-1,0,10,10,-3.1415926,3.1415926,,,,,,,,
right_ankle_roll_link,0.0204227352950233,3.87696823647699E-06,-0.0256564575463136,0,0,0,0.686921917748092,0.000310010475153092,-6.85781639621459E-12,2.32869572167042E-06,0.00195437130643132,-3.76149191634575E-13,0.00223309537012437,0,0,0,0,0,0,package://humanoid_ultra_description/meshes/right_ankle_roll_link.STL,0.752941176470588,0.752941176470588,0.752941176470588,1,0,0,0,0,0,0,package://humanoid_ultra_description/meshes/right_ankle_roll_link.STL,,足部-2,right_ankle_roll_axis,right_ankle_roll,right_ankle_roll_joint,revolute,0,0,0,0,0.0444420958217116,0,right_ankle_pitch_link,1,0,0,10,10,-3.1415926,3.1415926,,,,,,,,
trunk_link,-0.000521461729955045,0.000315917682292274,0.179058498977089,0,0,0,11.9706370962217,0.0405540215357633,2.38252220707461E-06,-5.23364651671213E-07,0.0223321356118445,1.74244167522185E-06,0.0567236487564485,0,0,0,0,0,0,package://humanoid_ultra_description/meshes/trunk_link.STL,0.898039215686275,0.917647058823529,0.929411764705882,1,0,0,0,0,0,0,package://humanoid_ultra_description/meshes/trunk_link.STL,,身体1-1/支撑轴-1;身体1-1/支撑轴-2;身体1-1/支撑轴-3;身体1-1/支撑轴-4;身体1-1/身体框架2-1;身体1-1/miniPC_i5薄版-1;身体1-1/MTi-6x0R（新IMU）-1;身体1-1/颈部支架-1;身体1-1/颈部支架-2;身体1-1/颈部支架-3;身体1-1/颈部支架-4;身体1-1/肩部电机安装板-2;身体1-1/肩部电机安装板-1;身体1-1/脖子-1;身体1-1/吊环M5X15-1;身体1-1/分电板-1;身体1-1/分电板-2;身体1-1/48-19转压模块-1;身体1-1/IMU安装支架-1;身体1-1/IMU安装支架-2;身体1-1/IMU安装-1;身体1-1/48-19转压模块-2;身体1-1/身体框架11-1;身体1-1/电池模型-1;身体1-1/支撑杆-1;身体1-1/电机J4310-1;身体1-1/自制4310-1;身体1-1/自制4310-2;身体1-1/上身-腰-连接轴-1;身体1-1/腰部电机-定子架-上-1;身体1-1/自制10020-1;身体1-1/腰部电机-定子架-下-1;身体1-1/J1电机座-2;身体1-1/J1电机座-1;身体1-1/身体框架3-1;身体1-1/M5X10-15;身体1-1/M5X10-14;身体1-1/M5X10-13;身体1-1/M5X10-7;身体1-1/M3X10-19;身体1-1/M3X10-10;身体1-1/M3X10-20;身体1-1/M3X10-21;身体1-1/M5X10-16;身体1-1/M6X12-2;身体1-1/M6X12-1;身体1-1/M6X12-4;身体1-1/M5X10-17;身体1-1/M3X10-22;身体1-1/M3X10-23;身体1-1/M3X10-18;身体1-1/M3X10-17;身体1-1/M3X8-3;身体1-1/M3X8-4;身体1-1/M3X8-1;身体1-1/M3X8-35;身体1-1/M3X8-36;身体1-1/M3X8-37;身体1-1/M3X8-38;身体1-1/M3X8-25;身体1-1/M3X8-26;身体1-1/M3X8-27;身体1-1/M3X8-40;身体1-1/M3X8-39;身体1-1/M6X12-3;身体1-1/M3X8-42;身体1-1/M3X8-41;身体1-1/M5X10-22;身体1-1/M3X10-16;身体1-1/M3X10-1;身体1-1/M5X10-20;身体1-1/M5X10-21;身体1-1/颈部电机安装板-1;身体1-1/M4X10-27;身体1-1/M4X10-28;身体1-1/M5X10-1;身体1-1/M3X10-24;身体1-1/M3X10-2;身体1-1/M3X10-25;身体1-1/M3X10-26;身体1-1/M3X10-27;身体1-1/M3X10-28;身体1-1/M5X10-18;身体1-1/M5X10-19;身体1-1/M4X8-4;身体1-1/M4X8-3;身体1-1/M4X10-25;身体1-1/M4X10-26;身体1-1/M4X8-1;身体1-1/M4X8-2;身体1-1/M3X8-9;身体1-1/M3X8-10;身体1-1/M3X8-11;身体1-1/M3X8-12;身体1-1/M4X12-3;身体1-1/M4X12-2;身体1-1/M4X12-4;身体1-1/M4X12-1;身体1-1/M3X8-8;身体1-1/M3X8-5;身体1-1/M3X8-7;身体1-1/M4X12-12;身体1-1/M4X12-11;身体1-1/M3X8-16;身体1-1/M3X8-15;身体1-1/M3X8-13;身体1-1/M3X8-14;身体1-1/M4X12-6;身体1-1/M4X12-5;身体1-1/M3X8-19;身体1-1/M3X8-18;身体1-1/M3X8-17;身体1-1/M3X8-20;身体1-1/M4X12-7;身体1-1/M4X12-8;身体1-1/M5X12-9;身体1-1/M4X12-9;身体1-1/身体框架10-1;身体1-1/M4X12-10;身体1-1/M3X8-6,waist_link_axis,waist,waits_yaw_joint,revolute,0,0,0.0611,0,0,0,base_link,0,0,1,10,10,-3.1415926,3.1415926,,,,,,,,
left_shoulder_pitch_link,-0.000717336238417739,0.0567488565045622,8.03538312277308E-10,0,0,0,0.714290675044657,0.000350028463777705,9.28176816500168E-06,-3.03960078908462E-10,0.000406419180696318,-3.68229540893936E-11,0.000428671921295367,0,0,0,0,0,0,package://humanoid_ultra_description/meshes/left_shoulder_pitch_link.STL,0.898039215686275,0.917647058823529,0.929411764705882,1,0,0,0,0,0,0,package://humanoid_ultra_description/meshes/left_shoulder_pitch_link.STL,,新左臂-1/4315双轴改造-1/自制4315模型-1;新左臂-1/4315双轴改造-1/4315双轴改造-电机座-1;新左臂-1/4315双轴改造-1/4315双轴改造-外轴承盖-1;新左臂-1/4315双轴改造-1/4315双轴改造-输出轴-新-1;新左臂-1/4315双轴改造-1/RAU5005-1;新左臂-1/J1J2连接-1;新左臂-1/M4X8-3;新左臂-1/M4X8-1;新左臂-1/M4X8-2;新左臂-1/M4X8-4;新左臂-1/M4X8-7;新左臂-1/M4X8-8;新左臂-1/M4X8-6;新左臂-1/M4X8-5,left_shoulder_pitch_axis,left_shoulder_pitch,left_shoulder_pitch_joint,revolute,0,0.128943749506644,0.351787572334531,0.261799387799151,0,0,trunk_link,0,-1,0,10,10,-3.1416,3.1416,,,,,,,,
left_shoulder_roll_link,-3.62462102034E-08,0.0519185887622971,-0.0501235215969136,0,0,0,0.706970972515826,0.000616046109434158,-1.11953182961822E-09,-3.38784987645284E-10,0.000727191553574596,-0.000107292935182717,0.000632118336682819,0,0,0,0,0,0,package://humanoid_ultra_description/meshes/left_shoulder_roll_link.STL,0.898039215686275,0.917647058823529,0.929411764705882,1,0,0,0,0,0,0,package://humanoid_ultra_description/meshes/left_shoulder_roll_link.STL,,新左臂-1/J3电机座-1;新左臂-1/自制4315模型-1;新左臂-1/M3X8-22;新左臂-1/M3X8-21;新左臂-1/M3X8-20;新左臂-1/M3X8-19;新左臂-1/M3X8-24;新左臂-1/M3X8-23;新左臂-1/M3X8-15;新左臂-1/M3X8-16;新左臂-1/M3X8-17;新左臂-1/M3X8-18;新左臂-1/M3X8-13;新左臂-1/M3X8-14;新左臂-1/M3X8-30;新左臂-1/M3X8-29;新左臂-1/M3X8-25;新左臂-1/M3X8-28;新左臂-1/M3X8-27;新左臂-1/M3X8-26,left_shoulder_roll_axis,left_shoulder_roll,left_shoulder_roll_joint,revolute,0,0.0629999999999999,0,-0.261799387799151,0,0,left_shoulder_pitch_link,1,0,0,10,10,-3.1415926,3.1415926,,,,,,,,
left_shoulder_yaw_link,-0.00544583780088873,0.000630598420037376,-0.120206944053629,0,0,0,0.749246274389252,0.000387349056090918,-9.1239782805209E-07,-8.97459902691014E-06,0.000468697053446938,-3.51508693869512E-06,0.00041145446574793,0,0,0,0,0,0,package://humanoid_ultra_description/meshes/left_shoulder_yaw_link.STL,0.898039215686275,0.917647058823529,0.929411764705882,1,0,0,0,0,0,0,package://humanoid_ultra_description/meshes/left_shoulder_yaw_link.STL,,新左臂-1/大臂延长件-1;新左臂-1/M4X8-9;新左臂-1/M4X8-10;新左臂-1/M4X8-13;新左臂-1/M4X8-14;新左臂-1/M4X8-15;新左臂-1/M4X8-12;新左臂-1/M4X8-11;新左臂-1/J3输出件-1;新左臂-1/M4X8-21;新左臂-1/M4X8-20;新左臂-1/M4X8-22;新左臂-1/M4X8-23;新左臂-1/M4X8-17;新左臂-1/M4X8-24;新左臂-1/M4X8-19;新左臂-1/M4X8-18;新左臂-1/J4电机座-左-1;新左臂-1/自制4315模型-2,left_shoulder_yaw_axis,left_shoulder_yaw,left_shoulder_yaw_joint,revolute,0,0.0658130327873276,-0.0910694499562512,0.261799387799152,0,0,left_shoulder_roll_link,0,0,1,10,10,-3.1415926,3.1415926,,,,,,,,
left_elbow_link,0.00462365580498122,-3.57585605154087E-07,-0.0598574075971328,0,0,0,0.521514738684695,0.000367864308631739,5.49595571823234E-09,4.63913940261183E-05,0.000371519763242264,-1.69423995470384E-09,0.000236121329051979,0,0,0,0,0,0,package://humanoid_ultra_description/meshes/left_elbow_link.STL,0.898039215686275,0.917647058823529,0.929411764705882,1,0,0,0,0,0,0,package://humanoid_ultra_description/meshes/left_elbow_link.STL,,新左臂-1/J5电机架-1;新左臂-1/自制4310-1;新左臂-1/M3X8-44;新左臂-1/M3X8-45;新左臂-1/M3X8-43;新左臂-1/M3X8-46;新左臂-1/M3X8-48;新左臂-1/M3X8-47,left_elbow_axis,left_elbow,left_elbow_joint,revolute,0,0,-0.151,0,0,0,left_shoulder_yaw_link,-1,0,0,10,10,-3.1415926,3.1415926,,,,,,,,
left_wrist_yaw_link,0.00101441396384111,-1.61416835453565E-09,-0.058250325718385,0,0,0,0.640246897737901,0.000329186311825398,-2.99137049463155E-10,-8.20347729623267E-06,0.000354247269826812,1.95545590015041E-11,0.000331505534616549,0,0,0,0,0,0,package://humanoid_ultra_description/meshes/left_wrist_yaw_link.STL,0.647058823529412,0.619607843137255,0.588235294117647,1,0,0,0,0,0,0,package://humanoid_ultra_description/meshes/left_wrist_yaw_link.STL,,新左臂-1/M4X8-26;新左臂-1/M4X8-25;新左臂-1/J1J2连接-2;新左臂-1/M4X8-27;新左臂-1/M4X8-28;新左臂-1/M4X8-30;新左臂-1/M4X8-29;新左臂-1/M4X8-32;新左臂-1/M4X8-31;新左臂-1/4310双轴改造-1/4310双轴改造-电机座-1;新左臂-1/4310双轴改造-1/自制4310-1;新左臂-1/4310双轴改造-1/4315双轴改造-外轴承盖-1;新左臂-1/4310双轴改造-1/4315双轴改造-输出轴-1;新左臂-1/4310双轴改造-1/RAU5005-1,left_wrist_yaw_axis,left_wrist_yaw,left_wrist_yaw_joint,revolute,0,0,-0.0915,0,0,0,left_elbow_link,0,0,-1,10,10,-3.1415926,3.1415926,,,,,,,,
left_wrist_roll_link,-2.73609965864563E-08,0.00477680774787773,-0.0573961728158029,0,0,0,0.547742671181688,0.000297137837366057,-2.35737364679686E-10,2.69144001672241E-10,0.000389912917896054,1.1102296721213E-05,0.000350091327177463,0,0,0,0,0,0,package://humanoid_ultra_description/meshes/left_wrist_roll_link.STL,0.898039215686275,0.917647058823529,0.929411764705882,1,0,0,0,0,0,0,package://humanoid_ultra_description/meshes/left_wrist_roll_link.STL,,新左臂-1/J7电机座-1;新左臂-1/M3X8-56;新左臂-1/M3X8-55;新左臂-1/M3X8-60;新左臂-1/M3X8-59;新左臂-1/M3X8-58;新左臂-1/M3X8-57;新左臂-1/M3X8-52;新左臂-1/M3X8-53;新左臂-1/M3X8-54;新左臂-1/M3X8-49;新左臂-1/M3X8-50;新左臂-1/M3X8-51;新左臂-1/自制4310-2,left_wrist_roll_axis,left_wrist_roll,left_wrist_roll_joint,revolute,0,0,-0.0649999999999999,0,0,0,left_wrist_yaw_link,1,0,0,10,10,-3.1415926,3.1415926,,,,,,,,
left_wrist_pitch_link,0.00269590475740043,-0.00504321321314644,-0.103255168094036,0,0,0,0.351069676234493,0.000171406913229295,-3.83122679768299E-06,-1.07780057635351E-05,0.000243846274957489,-9.41899265114927E-06,0.000149534297096414,0,0,0,0,0,0,package://humanoid_ultra_description/meshes/left_wrist_pitch_link.STL,0.898039215686275,0.917647058823529,0.929411764705882,1,0,0,0,0,0,0,package://humanoid_ultra_description/meshes/left_wrist_pitch_link.STL,,新左臂-1/手连接件-六维力-1;新左臂-1/仿人五指灵巧手-左-2,left_wrist_pitch_axis,left_wrist_pitch,left_wrist_pitch_joint,revolute,0,0,-0.0650000000000001,0,0,0,left_wrist_roll_link,0,-1,0,10,10,-3.1416,3.1416,,,,,,,,
right_shoulder_pitch_link,-0.000717340124034908,-0.0567488568522241,-1.33083241649068E-09,0,0,0,0.714290669100536,0.000350028464159688,-9.28186969276522E-06,3.06353412652476E-10,0.000406419216055211,-7.95735026671738E-11,0.000428671956219296,0,0,0,0,0,0,package://humanoid_ultra_description/meshes/right_shoulder_pitch_link.STL,0.898039215686275,0.917647058823529,0.929411764705882,1,0,0,0,0,0,0,package://humanoid_ultra_description/meshes/right_shoulder_pitch_link.STL,,新右臂-1/J1J2连接-1;新右臂-1/M4X8-26;新右臂-1/M4X8-25;新右臂-1/M4X8-32;新右臂-1/M4X8-31;新右臂-1/M4X8-30;新右臂-1/M4X8-27;新右臂-1/M4X8-28;新右臂-1/M4X8-29;新右臂-1/4315双轴改造-1/4315双轴改造-电机座-1;新右臂-1/4315双轴改造-1/自制4315模型-1;新右臂-1/4315双轴改造-1/4315双轴改造-外轴承盖-1;新右臂-1/4315双轴改造-1/4315双轴改造-输出轴-新-1;新右臂-1/4315双轴改造-1/RAU5005-1,right_shoulder_pitch_axis,right_shoulder_pitch,right_shoulder_pitch_joint,revolute,0,-0.128943749506644,0.351787572334532,-0.261799387799149,0,0,trunk_link,0,-1,0,10,10,-3.1416,3.1416,,,,,,,,
right_shoulder_roll_link,3.62462115807705E-08,-0.0519185887622971,-0.0501235215969137,0,0,0,0.706970972515825,0.00061604610943415,-1.11953182882897E-09,3.38784986180346E-10,0.000727191553574588,0.000107292935182715,0.000632118336682817,0,0,0,0,0,0,package://humanoid_ultra_description/meshes/right_shoulder_roll_link.STL,0.647058823529412,0.619607843137255,0.588235294117647,1,0,0,0,0,0,0,package://humanoid_ultra_description/meshes/right_shoulder_roll_link.STL,,新右臂-1/M3X8-64;新右臂-1/M3X8-63;新右臂-1/M3X8-59;新右臂-1/M3X8-60;新右臂-1/M3X8-61;新右臂-1/J3电机座-1;新右臂-1/M3X8-62;新右臂-1/M3X8-65;新右臂-1/M3X8-70;新右臂-1/M3X8-69;新右臂-1/M3X8-66;新右臂-1/M3X8-67;新右臂-1/M3X8-68;新右臂-1/自制4315模型-1;新右臂-1/M3X8-58;新右臂-1/M3X8-57;新右臂-1/M3X8-53;新右臂-1/M3X8-54;新右臂-1/M3X8-55;新右臂-1/M3X8-56,right_shoulder_roll_axis,right_shoulder_roll,right_shoulder_roll_joint,revolute,0,-0.063,0,0.261799387799149,0,0,right_shoulder_pitch_link,-1,0,0,10,10,-3.1415926,3.1415926,,,,,,,,
right_shoulder_yaw_link,-0.0054070339150586,-0.000567886683194685,-0.119958134110071,0,0,0,0.751129612715337,0.000387374476772385,9.11295587761416E-07,-8.97397337539975E-06,0.000468707337616938,3.51458191936745E-06,0.000411481226929942,0,0,0,0,0,0,package://humanoid_ultra_description/meshes/right_shoulder_yaw_link.STL,0.898039215686275,0.917647058823529,0.929411764705882,1,0,0,0,0,0,0,package://humanoid_ultra_description/meshes/right_shoulder_yaw_link.STL,,新右臂-1/J3输出件-1;新右臂-1/大臂延长件-1;新右臂-1/M4X8-22;新右臂-1/M4X8-21;新右臂-1/M4X8-23;新右臂-1/M4X8-24;新右臂-1/M4X8-20;新右臂-1/M4X8-19;新右臂-1/M4X8-17;新右臂-1/M4X8-18;新右臂-1/M4X8-11;新右臂-1/M4X8-15;新右臂-1/M4X8-12;新右臂-1/M4X8-10;新右臂-1/M4X8-9;新右臂-1/M4X8-14;新右臂-1/M4X8-16;新右臂-1/M4X8-13;新右臂-1/J4电机座-右-1;新右臂-1/自制4315模型-2,right_shoulder_yaw_axis,right_shoulder_yaw,right_shoulder_yaw_joint,revolute,0,-0.0658130327873273,-0.0910694499562514,-0.261799387799149,0,0,right_shoulder_roll_link,0,0,1,10,10,-3.1416,3.1416,,,,,,,,
right_elbow_link,0.00462372012361994,-1.67209148360659E-07,-0.05985765331226,0,0,0,0.521510197905309,0.000367857904540275,2.25312342847056E-09,4.63926859597036E-05,0.00037151873426319,-2.33637974222098E-10,0.000236118055714262,0,0,0,0,0,0,package://humanoid_ultra_description/meshes/right_elbow_link.STL,0.898039215686275,0.917647058823529,0.929411764705882,1,0,0,0,0,0,0,package://humanoid_ultra_description/meshes/right_elbow_link.STL,,新右臂-1/J5电机架-1;新右臂-1/自制4310-3;新右臂-1/M3X8-44;新右臂-1/M3X8-43;新右臂-1/M3X8-45;新右臂-1/M3X8-46;新右臂-1/M3X8-42;新右臂-1/M3X8-41,right_elbow_axis,right_elbow,right_elbow_joint,revolute,0,0,-0.151,0,0,0,right_shoulder_yaw_link,-1,0,0,10,10,-3.1416,3.1416,,,,,,,,
right_wrist_yaw_link,0.00101440921461442,-8.06539168785037E-10,-0.058250326444195,0,0,0,0.64024688214281,0.000329186309741819,-3.03864379070198E-10,-8.2035831445185E-06,0.000354247298610789,6.05126088601133E-11,0.000331505569586674,0,0,0,0,0,0,package://humanoid_ultra_description/meshes/right_wrist_yaw_link.STL,0.898039215686275,0.917647058823529,0.929411764705882,1,0,0,0,0,0,0,package://humanoid_ultra_description/meshes/right_wrist_yaw_link.STL,,新右臂-1/J1J2连接-2;新右臂-1/M4X8-6;新右臂-1/M4X8-5;新右臂-1/M4X8-8;新右臂-1/M4X8-7;新右臂-1/M4X8-1;新右臂-1/M4X8-2;新右臂-1/4310双轴改造-1/4310双轴改造-电机座-1;新右臂-1/4310双轴改造-1/自制4310-1;新右臂-1/4310双轴改造-1/4315双轴改造-外轴承盖-1;新右臂-1/4310双轴改造-1/4315双轴改造-输出轴-1;新右臂-1/4310双轴改造-1/RAU5005-1;新右臂-1/M4X8-3;新右臂-1/M4X8-4,right_wrist_yaw_axis,right_wrist_yaw,right_wrist_yaw_joint,revolute,0,0,-0.0915,0,0,0,right_elbow_link,0,0,-1,10,10,-3.1416,3.1416,,,,,,,,
right_wrist_roll_link,2.73609981268907E-08,-0.00477680774787775,-0.0573961728158031,0,0,0,0.547742671181689,0.000297137837366058,-2.35737364677162E-10,-2.69144001784967E-10,0.000389912917896055,-1.11022967212128E-05,0.000350091327177464,0,0,0,0,0,0,package://humanoid_ultra_description/meshes/right_wrist_roll_link.STL,0.898039215686275,0.917647058823529,0.929411764705882,1,0,0,0,0,0,0,package://humanoid_ultra_description/meshes/right_wrist_roll_link.STL,,新右臂-1/J7电机座-1;新右臂-1/M3X8-30;新右臂-1/M3X8-29;新右臂-1/M3X8-34;新右臂-1/M3X8-33;新右臂-1/M3X8-32;新右臂-1/M3X8-31;新右臂-1/M3X8-20;新右臂-1/M3X8-19;新右臂-1/M3X8-18;新右臂-1/M3X8-17;新右臂-1/M3X8-21;新右臂-1/M3X8-22;新右臂-1/自制4310-4,right_wrist_roll_axis,right_wrist_roll,right_wrist_roll_joint,revolute,0,0,-0.0650000000000002,0,0,0,right_wrist_yaw_link,1,0,0,10,10,-3.1415926,3.1415926,,,,,,,,
right_wrist_pitch_link,0.00192469485517743,0.00503606080499547,-0.110176264242884,0,0,0,0.380187366471363,0.000391774093170109,5.41852472999329E-06,-7.6276125516564E-06,0.000458250012701001,1.45851955184086E-05,0.000150799286853675,0,0,0,0,0,0,package://humanoid_ultra_description/meshes/right_wrist_pitch_link.STL,0.898039215686275,0.917647058823529,0.929411764705882,1,0,0,0,0,0,0,package://humanoid_ultra_description/meshes/right_wrist_pitch_link.STL,,新右臂-1/手连接件-六维力-1;新右臂-1/仿人五指灵巧手-右-2,right_wrist_pitch_axis,right_wrist_pitch,right_wrist_pitch_joint,revolute,0,0,-0.0649999999999999,0,0,0,right_wrist_roll_link,0,1,0,10,10,-3.1415926,3.1415926,,,,,,,,
neck_yaw_link,1.60759627831908E-10,0.000169039943693407,0.0328668383384945,0,0,0,0.178365433195113,8.98514876864943E-05,-9.85535546796137E-10,-5.19025239503779E-14,7.22981293046451E-05,2.77459962760353E-07,7.51106364089113E-05,0,0,0,0,0,0,package://humanoid_ultra_description/meshes/neck_yaw_link.STL,0.898039215686275,0.917647058823529,0.929411764705882,1,0,0,0,0,0,0,package://humanoid_ultra_description/meshes/neck_yaw_link.STL,,身体1-1/头带俯仰-1/头pitch电机座-1;身体1-1/头带俯仰-1/model_pp11d_v3-1,neck_yaw_axis,neck_yaw,neck_yaw_joint,revolute,0,0,0.4259,0,0,0,trunk_link,0,0,-1,10,10,-3.1416,3.1416,,,,,,,,
neck_pitch_link,-0.000554794597780271,-0.000121807463484173,0.107473443112678,0,0,0,0.568971862002331,0.00087707548587439,1.1700494545912E-07,-2.43052654960981E-06,0.000710225557761345,4.11342239028876E-09,0.000400930032784171,0,0,0,0,0,0,package://humanoid_ultra_description/meshes/neck_pitch_link.STL,0.898039215686275,0.917647058823529,0.929411764705882,1,0,0,0,0,0,0,package://humanoid_ultra_description/meshes/neck_pitch_link.STL,,身体1-1/头带俯仰-1/头骨架右-1;身体1-1/头带俯仰-1/头骨架左-1;身体1-1/头带俯仰-1/头部相机安装件-1;身体1-1/头带俯仰-1/MV-CS020-10UC-1;身体1-1/头带俯仰-1/Femto bolt-1,neck_pitch_axis,neck_pitch,neck_pitch_joint,revolute,0,0,0.045,0,0,0,neck_yaw_link,0,-1,0,10,10,-3.1416,3.1416,,,,,,,,
