elapsed_s,steady_s,event,reason_mask,result_age_s,frame_age_s,command_gain,inference_ms,peak_control_target_step_rad,ready,qw,qx,qy,qz,gx,gy,gz,cmd_x,cmd_y,cmd_yaw,q0,q1,q2,q3,q4,q5,q6,q7,q8,q9,q10,q11,q12,q13,q14,q15,q16,q17,q18,q19,q20,q21,q22,q23,q24,q25,q26,q27,q28,dq0,dq1,dq2,dq3,dq4,dq5,dq6,dq7,dq8,dq9,dq10,dq11,dq12,dq13,dq14,dq15,dq16,dq17,dq18,dq19,dq20,dq21,dq22,dq23,dq24,dq25,dq26,dq27,dq28,previous_target0,previous_target1,previous_target2,previous_target3,previous_target4,previous_target5,previous_target6,previous_target7,previous_target8,previous_target9,previous_target10,previous_target11,previous_target12,previous_target13,previous_target14,previous_target15,previous_target16,previous_target17,previous_target18,previous_target19,previous_target20,previous_target21,previous_target22,previous_target23,previous_target24,previous_target25,previous_target26,previous_target27,previous_target28,candidate0,candidate1,candidate2,candidate3,candidate4,candidate5,candidate6,candidate7,candidate8,candidate9,candidate10,candidate11,candidate12,candidate13,candidate14,candidate15,candidate16,candidate17,candidate18,candidate19,candidate20,candidate21,candidate22,candidate23,candidate24,candidate25,candidate26,candidate27,candidate28,applied0,applied1,applied2,applied3,applied4,applied5,applied6,applied7,applied8,applied9,applied10,applied11,applied12,applied13,applied14,applied15,applied16,applied17,applied18,applied19,applied20,applied21,applied22,applied23,applied24,applied25,applied26,applied27,applied28
0,3214716.14,1,0,0,3.72966751e-05,0,0,0,0,-0.887876272,0.266289204,0.0904929489,-0.364111036,-0.159405455,-0.439830184,0.312179327,0,-0,-0,-0.0602356344,-0.281524539,0.0513723902,0.321722209,-0.33263889,0.0187733006,-0.134174585,0.0234208684,-0.00138968648,0.282073379,-0.208521202,-0.00239503081,0.00408184761,0.176077262,0.0228510518,0.0563784726,0.275026292,0.0117307855,1.05109119,0.149569303,0.0455395468,-8.86729977e-05,0.0101153674,-0.164120257,0.015220576,0.982956111,-0.149990126,0.00276482175,0.0025624861,-0.0418259241,-0.00822362863,-0.00243321573,0.00765783107,0.395305872,-0.0125254709,0.0648257211,0.103578448,0.0620497353,0.0367913656,0.0666353032,-0.00625196192,-0.0222075731,0.078551732,0.00218455633,-0.0183148235,-0.0866416246,-0.0361916684,-0.0777476206,0.00076555938,-0.0610769242,-0.0282120388,0.101561584,0.00458331639,0.00333254924,0.00705334172,4.13771995e-05,0.00185010431,0.000565465773,-0.100000001,0,0,0.300000012,-0.200000003,0,-0.100000001,0,0,0.300000012,-0.200000003,0,0,0,0,0,0.25,0,0.970000029,0.150000006,0,0,0,-0.25,0,0.970000029,-0.150000006,0,0,-0.100000001,0,0,0.300000012,-0.200000003,0,-0.100000001,0,0,0.300000012,-0.200000003,0,0,0,0,0,0.25,0,0.970000029,0.150000006,0,0,0,-0.25,0,0.970000029,-0.150000006,0,0,-0.100000001,0,0,0.300000012,-0.200000003,0,-0.100000001,0,0,0.300000012,-0.200000003,0,0,0,0,0,0.25,0,0.970000029,0.150000006,0,0,0,-0.25,0,0.970000029,-0.150000006,0,0
0.0109449504,3214716.15,0,0,0.0103878682,5.45009971e-06,0,0.175394118,4.41681914e-05,1,-0.886674106,0.266332239,0.0926438719,-0.366460443,-0.157681391,-0.435374171,0.338508308,0,-0,-0,-0.0607759356,-0.281624585,0.0513440855,0.321789771,-0.327974081,0.0186034907,-0.133411348,0.0246458929,-0.00133510062,0.282783329,-0.207854822,-0.00245182402,0.00386621384,0.176892355,0.0228749271,0.0560807474,0.274183095,0.0113667138,1.05010855,0.149577752,0.0448104739,-0.000370517519,0.0112810796,-0.164040089,0.0152607234,0.983043015,-0.149989679,0.00278792647,0.00256948173,-0.049301818,-0.00375360297,-0.00341470004,0.0046205828,0.385063231,-0.0151726883,0.058553461,0.0850824788,-0.00210837624,0.0309123937,0.0370021202,-0.00787842181,-0.0192714818,0.0715009868,0.00177520956,-0.0310717244,-0.0656753257,-0.0252233483,-0.080819644,0.000699513999,-0.0611658394,-0.017826736,0.0918410942,0.00411370397,0.00306130992,0.00732184947,2.82825786e-05,0.00199486269,0.000493213825,-0.100031488,5.44622308e-05,-4.15253198e-05,0.300005943,-0.200043276,-7.96902532e-06,-0.0999768823,-8.1453647e-05,-8.45823979e-06,0.300009549,-0.200040385,-0.000102903847,2.88451502e-05,-4.34507419e-05,3.12143929e-05,0.000122692465,0.24999404,3.26169466e-05,0.969995558,0.149956957,4.5015654e-06,-4.85268129e-06,1.07867409e-05,-0.250115752,-1.10930232e-05,0.970029831,-0.150021493,1.28041711e-06,-3.80990286e-07,-0.221337199,0.209876955,-0.160022959,0.322885275,-0.366780639,-0.0307096243,-0.0108971223,-0.313891709,-0.0325948745,0.336779654,-0.355628073,-0.396552712,0.111158356,-0.167442814,0.120288521,0.472810626,0.227029964,0.12569344,0.952723026,-0.0159192681,0.0173473395,-0.0187004078,0.0415680408,-0.696071923,-0.0427483395,1.08475995,-0.232784748,0.00493424572,-0.00146819325,-0.10004282,7.40681426e-05,-5.64740585e-05,0.300008088,-0.200058863,-1.08378017e-05,-0.0999685526,-0.000110776222,-1.15031298e-05,0.300013006,-0.200054929,-0.000139948301,3.9229144e-05,-5.90926174e-05,4.24512909e-05,0.000166860656,0.249991894,4.43587523e-05,0.969993949,0.149941444,6.12208851e-06,-6.59960278e-06,1.46698703e-05,-0.250157416,-1.50864116e-05,0.9700405,-0.150029227,1.74135573e-06,-5.18143338e-07
0.021954156,3214716.16,0,0,0.00129766762,8.80472362e-06,0,0.185962301,0.000196604058,1,-0.885585904,0.266409844,0.0943636373,-0.368590444,-0.158159882,-0.43125394,0.38607493,0,-0,-0,-0.0613076501,-0.281634748,0.0512951761,0.321832716,-0.324178398,0.0184361413,-0.132871792,0.0256681237,-0.000782084127,0.282954544,-0.2070833,-0.00250804774,0.00357730314,0.177580163,0.022890782,0.0556602068,0.273641586,0.0111453766,1.04930496,0.149584651,0.0442202985,-0.000510417391,0.0121702105,-0.164009318,0.0152917709,0.983116925,-0.149989828,0.00280745351,0.00257442333,-0.0557967387,0.000184363162,-0.00551705528,0.00402059266,0.375764519,-0.0178627074,0.0505897701,0.105856352,0.0679974109,0.011192888,0.0821143016,-0.00480998727,-0.0337723941,0.0663718581,0.00143258029,-0.0498596579,-0.0463968329,-0.0202252064,-0.0805448964,0.000668901193,-0.0570843033,-0.0119091962,0.0874228999,0.00245870766,0.00305667985,0.00742978789,-8.28251868e-05,0.00191643415,0.000464753539,-0.100336641,0.000568294723,-0.000426642568,0.300060689,-0.200471655,-7.74624787e-05,-0.0997540802,-0.000857339124,-8.17568944e-05,0.300090194,-0.200406656,-0.00106660998,0.000304352783,-0.000458678347,0.000321729342,0.00127084705,0.249942318,0.000335912162,0.969955623,0.149556249,4.77287103e-05,-5.09209458e-05,0.000103446982,-0.251201868,-0.000117125579,0.970305145,-0.150226474,1.2983036e-05,-6.96491543e-06,-0.225918263,0.212566093,-0.159582242,0.322693676,-0.376415223,-0.0289742202,-0.00801488012,-0.320680857,-0.0305805132,0.333728462,-0.352106214,-0.398956954,0.113840729,-0.171564966,0.120340288,0.475350201,0.228426248,0.125645265,0.953391135,-0.0159838796,0.0178525429,-0.019046573,0.0386935174,-0.699551463,-0.043809887,1.08411753,-0.234710962,0.00485620089,-0.00260517094,-0.100388721,0.000656211691,-0.000492645486,0.300070077,-0.200544611,-8.94461627e-05,-0.0997160375,-0.000989972148,-9.44049389e-05,0.300104141,-0.200469568,-0.00123161788,0.000351437106,-0.000529637327,0.000371501868,0.0014674511,0.249933407,0.000387878827,0.969948769,0.1494876,5.51124904e-05,-5.87985742e-05,0.000119450553,-0.251387805,-0.000135245267,0.970352292,-0.150261521,1.49915522e-05,-8.04240972e-06
0.0329466802,3214716.17,0,0,0.0122901918,5.48921525e-06,0,0.185962301,0.000421283301,1,-0.884433448,0.266486913,0.0960122198,-0.3708691,-0.150520489,-0.428286016,0.412298203,0,-0,-0,-0.0618970506,-0.28164497,0.0512520559,0.321866453,-0.32050091,0.0182241984,-0.132388353,0.0267408267,-0.000559716078,0.28326267,-0.206456244,-0.00254531926,0.00329269771,0.178142399,0.0229037553,0.0550760739,0.273322552,0.0109913424,1.0484488,0.149588943,0.0436837301,-0.000615658006,0.0130286496,-0.163981169,0.0153229963,0.983194053,-0.149993941,0.00282620126,0.00257937447,-0.0609953478,-0.00194107613,-0.00358929718,0.00305965962,0.362011611,-0.0245546773,0.0474609695,0.107066102,-0.0117268804,0.0425849557,0.0529543571,-0.00364193483,-0.02468873,0.0498871356,0.00122268999,-0.0627935976,-0.023332959,-0.0114825973,-0.0904357731,0.000161920514,-0.0510671847,-0.00871772505,0.0844620466,0.00236927555,0.00320264348,0.00821911264,-0.000740763673,0.00184937858,0.000540403766,-0.101183578,0.00199802569,-0.00150000129,0.300213337,-0.201658234,-0.000272344623,-0.099135384,-0.00301425578,-0.00028744305,0.300317049,-0.20142974,-0.00375001575,0.00107005157,-0.00161263347,0.00113114459,0.00446807779,0.24979721,0.00118100899,0.969843924,0.148439839,0.000167805876,-0.000179029215,0.000363701663,-0.254225582,-0.000411793211,0.971072674,-0.15079625,4.56461021e-05,-2.44874354e-05,-0.225918263,0.212566093,-0.159582242,0.322693676,-0.376415223,-0.0289742202,-0.00801488012,-0.320680857,-0.0305805132,0.333728462,-0.352106214,-0.398956954,0.113840729,-0.171564966,0.120340288,0.475350201,0.228426248,0.125645265,0.953391135,-0.0159838796,0.0178525429,-0.019046573,0.0386935174,-0.699551463,-0.043809887,1.08411753,-0.234710962,0.00485620089,-0.00260517094,-0.101295173,0.00218641409,-0.00164143241,0.300233424,-0.201814577,-0.000298023282,-0.0990538597,-0.0032984619,-0.000314545323,0.300346941,-0.201564535,-0.00410359493,0.00117094396,-0.00176468445,0.0012377972,0.00488936109,0.249778092,0.00129236316,0.969829202,0.14829272,0.000183627839,-0.000195909408,0.000397994125,-0.254624009,-0.000450620108,0.971173823,-0.150871322,4.99499547e-05,-2.67962896e-05
0.043931989,3214716.19,0,0,0.00330823287,4.48990613e-06,0,0.178541057,0.000708805397,1,-0.883956075,0.266518623,0.0966531411,-0.371816695,-0.151017025,-0.4262003,0.426990807,0,-0,-0,-0.0621509328,-0.281647742,0.0512341112,0.321879625,-0.319067448,0.0181113146,-0.132215828,0.0271594208,-0.000564647315,0.283385485,-0.206256837,-0.00256999535,0.0031954837,0.17834042,0.0229080282,0.0548076183,0.273246676,0.0109534292,1.04807472,0.149588257,0.0434856489,-0.000646716857,0.0133628724,-0.163976237,0.0153345522,0.983229637,-0.149998307,0.00283354311,0.00258109719,-0.0643085688,-0.000335474091,-0.00476925913,0.00335940765,0.35710746,-0.0295506567,0.0416502021,0.104204334,0.00255634054,0.0271970443,0.0492381491,-0.00701676263,-0.023792576,0.0492386967,0.00101077941,-0.068235375,-0.0174081251,-0.00888061617,-0.0948680863,-0.000326481269,-0.0490678884,-0.00748370821,0.0831129849,0.000874940597,0.00279719848,0.00944469497,-0.00123698974,0.00182312028,0.000399981363,-0.102849536,0.00477307197,-0.00351843447,0.300544292,-0.204087988,-0.00057537097,-0.097903125,-0.00724271545,-0.000601796608,0.300634772,-0.203266367,-0.008864698,0.0025623152,-0.00392329739,0.00264680223,0.0105408002,0.249554962,0.00277485698,0.96965152,0.146336019,0.000408916763,-0.000438846502,0.000794593943,-0.259952813,-0.000994183123,0.972520769,-0.151929125,9.94767834e-05,-7.79430629e-05,-0.22957167,0.217036977,-0.159987196,0.32474938,-0.385885358,-0.0261627678,-0.00465279073,-0.329334468,-0.0273643732,0.328863651,-0.348525226,-0.403087825,0.116511375,-0.178396776,0.120353088,0.479302108,0.229763672,0.12617588,0.954152465,-0.016605705,0.0185939074,-0.0199548472,0.036131084,-0.702566266,-0.0452066287,1.08462167,-0.237719461,0.00452332199,-0.00354415923,-0.10304115,0.00509403227,-0.00375502813,0.300580889,-0.204362884,-0.000614061195,-0.0977621228,-0.007729745,-0.000642263854,0.300677478,-0.20348601,-0.00946079567,0.0027346157,-0.00418711593,0.00282478379,0.0112496056,0.24952504,0.00296144933,0.969628096,0.146089643,0.000436413946,-0.000468356302,0.000848025607,-0.260622084,-0.0010610359,0.972690284,-0.152058855,0.000106166008,-8.31842699e-05
0.0539579783,3214716.2,0,0,0.0133342221,4.20305878e-06,0,0.178541057,0.00102468394,1,-0.881658614,0.266873181,0.0994658694,-0.376248956,-0.166994497,-0.413857251,0.466392606,0,-0,-0,-0.0632223636,-0.281179249,0.0503899008,0.321604878,-0.314275563,0.0147843137,-0.131805837,0.0293736607,-0.000524287403,0.283596486,-0.205732539,-0.00297956308,0.00299210777,0.179589689,0.0228510834,0.053620059,0.273156136,0.0108759385,1.04577136,0.149545833,0.0427425019,-0.000728297746,0.0147060994,-0.164080575,0.0153737618,0.983613908,-0.150054321,0.0028606141,0.00258521782,-0.0690729469,0.0214681011,-0.0470649451,-0.00993055198,0.272589564,-0.144448087,0.0106795439,0.107608981,-0.0188979059,0.00795719586,0.0206252933,-0.0615902618,-0.00298443018,0.0630821809,-0.00187221891,-0.0562154204,0.005274022,-0.000887717644,-0.159406945,-0.00511485944,-0.0377767272,-0.00132373278,0.0611715652,-0.0130585451,0.00230222126,0.043458961,-0.00559918489,0.00116929784,0.00039772733,-0.105113693,0.00856560841,-0.00631407462,0.300976783,-0.207336172,-0.00103254302,-0.0962370187,-0.0129975546,-0.00107996573,0.301139146,-0.205861717,-0.0159083139,0.00459825248,-0.00704062916,0.00474986993,0.0189161971,0.249201357,0.00497967284,0.969374597,0.14342472,0.000733829453,-0.000787540455,0.00142595381,-0.267861038,-0.00178413047,0.974523723,-0.153461948,0.000178517992,-0.000139874232,-0.22957167,0.217036977,-0.159987196,0.32474938,-0.385885358,-0.0261627678,-0.00465279073,-0.329334468,-0.0273643732,0.328863651,-0.348525226,-0.403087825,0.116511375,-0.178396776,0.120353088,0.479302108,0.229763672,0.12617588,0.954152465,-0.016605705,0.0185939074,-0.0199548472,0.036131084,-0.702566266,-0.0452066287,1.08462167,-0.237719461,0.00452332199,-0.00354415923,-0.105390698,0.00902960543,-0.0066561061,0.301029682,-0.207733572,-0.00108847558,-0.0960331783,-0.0137016289,-0.00113846723,0.301200867,-0.206179246,-0.016770063,0.00484733842,-0.00742201833,0.00500716921,0.0199408811,0.249158084,0.00524942065,0.969340682,0.143068537,0.000773580803,-0.000830201316,0.00150319736,-0.268828571,-0.00188077625,0.974768758,-0.153649479,0.000188188264,-0.000147451181
0.0649638344,3214716.21,0,0,0.00432559708,2.22912058e-05,0,0.168486964,0.00187349878,1,-0.880076349,0.267072856,0.101260871,-0.379320353,-0.178964287,-0.414636523,0.475042433,0,-0,-0,-0.0641882122,-0.281012475,0.0497892089,0.32171461,-0.310867518,0.0135759003,-0.131743178,0.0302692968,-0.00152952329,0.283753335,-0.205525771,-0.00468462752,0.00312311528,0.180280909,0.0228559896,0.0532030985,0.273290664,0.010891106,1.04340959,0.149341643,0.0422306284,-0.00073002826,0.015292312,-0.164510861,0.0154102063,0.984510601,-0.150165737,0.00286894152,0.00259605562,-0.0710842162,0.0300683249,-0.107724555,0.00410467666,0.21392785,-0.215183884,0.00248538353,0.0759862512,-0.137588456,0.0165835917,0.0141135696,-0.213192478,0.0301805139,0.078336969,0.000828827964,-0.0193993803,0.0123834731,0.00235012383,-0.22669661,-0.0348993465,-0.0475014634,-6.52341332e-05,0.0447677411,-0.0620962083,0.00364282704,0.0921821669,-0.0122449379,0.000270960416,0.00132321345,-0.108801559,0.0149297202,-0.0107231336,0.30219993,-0.213223279,-0.00127368944,-0.0933263749,-0.0228829123,-0.00133079733,0.301333725,-0.209562093,-0.0271751657,0.00791888498,-0.0126939835,0.00790811889,0.0320537277,0.248831093,0.00840226188,0.969001055,0.138857067,0.00136819039,-0.00144143042,0.00216441415,-0.279925346,-0.00308895763,0.977693081,-0.156112835,0.000259371678,-0.00030335784,-0.233471692,0.226402506,-0.162611514,0.333360583,-0.400525004,-0.019314928,0.00120254606,-0.347009093,-0.0201809444,0.320225269,-0.345004797,-0.412099183,0.120086342,-0.192498565,0.11992307,0.486080408,0.23227413,0.127416536,0.954851151,-0.0189775974,0.0207479931,-0.0218586456,0.0328223705,-0.703804255,-0.046842657,1.08666182,-0.242698371,0.0039332551,-0.00460028555,-0.109174222,0.0155618545,-0.0111771589,0.302293062,-0.21378316,-0.00132761826,-0.0930438116,-0.0238517895,-0.00138714421,0.301390201,-0.209966958,-0.0283257794,0.00825417601,-0.0132314553,0.00824295357,0.0334109068,0.248781607,0.00875801966,0.968958735,0.138385266,0.00142612052,-0.00150246162,0.00225605699,-0.281192392,-0.00321974629,0.97801882,-0.156371653,0.000270353659,-0.000316202233
0.075954488,3214716.22,0,0,0.0153162507,1.25067309e-05,0,0.168486964,0.00170805305,1,-0.87875247,0.267252207,0.102799572,-0.381841123,-0.163085058,-0.422178566,0.455622286,0,-0,-0,-0.0650957599,-0.280863881,0.0486950874,0.322173774,-0.30834654,0.0123676071,-0.131738767,0.0306567885,-0.00344308186,0.284031808,-0.205396444,-0.00745064951,0.00383956474,0.180959418,0.0228940509,0.0531075411,0.273423404,0.0109356409,1.04090285,0.148568839,0.0416667126,-0.000732267566,0.0157132223,-0.165512264,0.0154530182,0.985781729,-0.150421634,0.00286605535,0.00261287577,-0.101207674,0.00813668687,-0.112866335,0.0708364397,0.269477129,-0.0739269853,-0.000510988524,0.0193253383,-0.221248001,0.0359516293,0.0116525497,-0.316864222,0.103565149,0.0635738596,0.00643887743,-0.0035799148,0.0126781864,0.00823045522,-0.265339553,-0.109329402,-0.0634806231,-0.000494744279,0.0407830253,-0.129095539,0.00472838758,0.150894031,-0.0430463105,-0.00062561559,0.00196362496,-0.113355488,0.0226543508,-0.0162712783,0.30333814,-0.220064998,-0.00193269574,-0.0898734406,-0.0347225219,-0.00201935135,0.302023798,-0.214509517,-0.0412355848,0.0120161129,-0.0192618463,0.0119997757,0.048638314,0.248226315,0.012749589,0.968484223,0.133091718,0.00207609148,-0.00218722597,0.00328428135,-0.295408696,-0.00468718307,0.981673479,-0.159275621,0.000393570488,-0.000460315059,-0.233471692,0.226402506,-0.162611514,0.333360583,-0.400525004,-0.019314928,0.00120254606,-0.347009093,-0.0201809444,0.320225269,-0.345004797,-0.412099183,0.120086342,-0.192498565,0.11992307,0.486080408,0.23227413,0.127416536,0.954851151,-0.0189775974,0.0207479931,-0.0218586456,0.0328223705,-0.703804255,-0.046842657,1.08666182,-0.242698371,0.0039332551,-0.00460028555,-0.113824494,0.0234499145,-0.0168426856,0.303455383,-0.220769629,-0.00200056704,-0.0895178244,-0.0359418876,-0.00209026574,0.302094877,-0.215019047,-0.0426836722,0.0124380887,-0.0199382715,0.0124211777,0.0503463671,0.248164028,0.0131973224,0.968430936,0.132497951,0.00214899867,-0.00226403563,0.00339961681,-0.297003329,-0.00485178502,0.98208344,-0.159601346,0.000407391664,-0.000476480171
0.0889143753,3214716.23,0,0,0.00825141324,6.3222833e-06,0,0.22006873,0.00814498961,1,-0.877481282,0.267363578,0.104402304,-0.384244055,-0.158775836,-0.431080818,0.421345681,0,-0,-0,-0.0662357211,-0.280837506,0.047329545,0.323261201,-0.305586755,0.011828959,-0.131751299,0.0305320323,-0.00631788373,0.28455016,-0.205301791,-0.0115640936,0.00533048809,0.181587175,0.0229988489,0.0533642806,0.273498386,0.0112300562,1.03783238,0.146830991,0.0409012027,-0.000750658335,0.0160637088,-0.167361364,0.0155104958,0.987722516,-0.151357412,0.00285514141,0.00263922941,-0.121802419,0.000186424018,-0.150952488,0.133022413,0.275829911,-0.0582820438,-0.00162391935,-0.0356259346,-0.335363954,0.0627262592,0.00774109596,-0.475563824,0.177401662,0.0617858209,0.012563562,0.0545083545,0.0045244731,0.0468867235,-0.342893094,-0.222627759,-0.0870778039,-0.00303429598,0.0296512377,-0.225295156,0.00674935384,0.225405619,-0.130715966,-0.00136149244,0.00314347376,-0.119148493,0.0337097347,-0.0233654343,0.307080239,-0.231081784,-0.000795390864,-0.0851753056,-0.0521084443,-0.000796208507,0.300938517,-0.219538599,-0.0587030612,0.016914187,-0.0295948181,0.0166206155,0.0675341859,0.24808377,0.0177378915,0.96765393,0.126012921,0.00315985503,-0.00351084024,0.0041538314,-0.312099248,-0.00670557981,0.986713946,-0.16383031,0.000315359532,-0.000769518723,-0.239090323,0.244859934,-0.169721261,0.351429284,-0.425771117,-0.00577754062,0.00768323988,-0.378504038,-0.00578347966,0.306817144,-0.341923952,-0.426405847,0.122860849,-0.214970112,0.120728418,0.490553141,0.236080915,0.128844053,0.952958405,-0.0242367387,0.0229524765,-0.0255019534,0.030172497,-0.701074958,-0.0487078242,1.09140611,-0.250460267,0.0022907008,-0.0055896109,-0.121457905,0.0377753116,-0.026183432,0.307934165,-0.234830424,-0.000891319301,-0.0833873674,-0.0583930053,-0.000892235548,0.301051706,-0.221895054,-0.0657829642,0.018954128,-0.0331641138,0.0186251514,0.0756791756,0.247852653,0.0198771767,0.967370987,0.123119958,0.00354095059,-0.00393426651,0.00465480564,-0.319588751,-0.00751430867,0.988729715,-0.165498331,0.000353393611,-0.000862326822
0.0989534273,3214716.24,0,0,0.0182904652,8.36607069e-06,0,0.22006873,0.00238361955,1,-0.875795126,0.2674492,0.106716588,-0.387382686,-0.152599007,-0.431399077,0.374506861,0,-0,-0,-0.0684005246,-0.280797452,0.0451939069,0.326109678,-0.302022398,0.0100919772,-0.131753355,0.0293955691,-0.0122511778,0.285529822,-0.205178186,-0.0197841935,0.00840732455,0.182379082,0.0231009871,0.055341173,0.27351132,0.0126762865,1.03165436,0.142172873,0.0393363722,-0.00102832355,0.0163041074,-0.171796203,0.0156716984,0.991881967,-0.154517233,0.00282422639,0.0026920063,-0.17151241,0.00797331333,-0.137161702,0.24299176,0.241396099,-0.171595499,0.00121139095,-0.115848251,-0.488545209,0.0801427588,0.00772649376,-0.683411539,0.25629425,0.0520835482,0.00465081027,0.216557935,-0.00225894433,0.155849501,-0.521778762,-0.416436613,-0.136585921,-0.039320875,0.00986297429,-0.395558983,0.022482371,0.348679423,-0.287922531,-0.00268231938,0.00431516906,-0.127171338,0.0478334688,-0.033155106,0.310046732,-0.244104475,-0.00112864445,-0.0789640397,-0.073940888,-0.00112980464,0.301331729,-0.227724895,-0.0832985267,0.0240009073,-0.0419944823,0.023584336,0.0958297178,0.247280896,0.0251697283,0.96667093,0.115962803,0.00448377384,-0.00498181535,0.0058942074,-0.338117659,-0.00951508991,0.993716717,-0.169624954,0.000447489176,-0.00109193241,-0.239090323,0.244859934,-0.169721261,0.351429284,-0.425771117,-0.00577754062,0.00768323988,-0.378504038,-0.00578347966,0.306817144,-0.341923952,-0.426405847,0.122860849,-0.214970112,0.120728418,0.490553141,0.236080915,0.128844053,0.952958405,-0.0242367387,0.0229524765,-0.0255019534,0.030172497,-0.701074958,-0.0487078242,1.09140611,-0.250460267,0.0022907008,-0.0055896109,-0.12784262,0.0490151979,-0.0339742042,0.310294956,-0.245194077,-0.00115652778,-0.0784443468,-0.0757676065,-0.00115771662,0.30136463,-0.228409842,-0.0853564218,0.0245938525,-0.0430319607,0.0241669901,0.0981971994,0.247213721,0.0257915482,0.966588676,0.115121908,0.00459454581,-0.00510489102,0.00603982434,-0.3402946,-0.00975016039,0.99430269,-0.170109794,0.000458544411,-0.00111890864
0.109938355,3214716.25,0,0,0.00930981291,6.84987754e-06,0,0.188041013,0.0129631832,1,-0.874673426,0.267472208,0.108450018,-0.3894144,-0.161966756,-0.437015325,0.347205698,0,-0,-0,-0.0702833682,-0.28059867,0.0440490581,0.329016507,-0.299815655,0.00790161174,-0.131624252,0.027912261,-0.0178589579,0.286330253,-0.20511502,-0.0277779363,0.0113143688,0.182905525,0.0231309254,0.0584241115,0.273407996,0.0149334073,1.02549851,0.137113184,0.037661165,-0.00167990255,0.016371889,-0.176721215,0.0160160828,0.995892525,-0.158030853,0.00278981146,0.00274072215,-0.21145843,0.0318300612,-0.108633697,0.35213232,0.193046466,-0.255765915,0.032302171,-0.162045196,-0.606330991,0.0607221723,0.00835108478,-0.870230436,0.302364349,0.0575233251,0.00213335129,0.370373666,-0.0147705749,0.271474689,-0.6817137,-0.571100891,-0.184963301,-0.0844614953,0.00529329618,-0.557117999,0.0326797627,0.438813686,-0.40713349,-0.00431942893,0.00502834516,-0.136292428,0.0692229271,-0.0462014452,0.321260244,-0.26667884,0.00439102994,-0.0715149045,-0.108140975,0.00493216189,0.296349883,-0.235183835,-0.112702109,0.0315793343,-0.0621251762,0.0306424759,0.123213217,0.247696966,0.0328639895,0.964401484,0.10405647,0.00648661796,-0.00742605748,0.00660017878,-0.360713661,-0.0129337087,1.00233901,-0.178058028,8.39033964e-06,-0.00172072148,-0.244662166,0.275923669,-0.184159681,0.384743631,-0.465782881,0.0175027139,0.0135420486,-0.431051642,0.0196596757,0.285450578,-0.34024331,-0.44923237,0.125875726,-0.247631937,0.122141391,0.491129816,0.24082008,0.130996376,0.947684228,-0.0331316441,0.025855761,-0.0296003819,0.0263084173,-0.691306353,-0.0515539683,1.09890378,-0.261839718,3.34440265e-05,-0.00685882289,-0.137067154,0.0707006082,-0.0471876971,0.321714073,-0.268102229,0.0044847643,-0.0709068403,-0.110449441,0.0050374479,0.29627198,-0.235934898,-0.115107931,0.0322534516,-0.0634513497,0.0312965922,0.125843421,0.247647807,0.0335655287,0.964281976,0.103075728,0.00662508607,-0.00758457975,0.00674107159,-0.363077044,-0.0132098021,1.00302935,-0.17865698,8.56944644e-06,-0.00175745331
0.119949084,3214716.26,0,0,0.019320542,4.12389636e-06,0,0.188041013,0.00283569098,1,-0.873546302,0.2675488,0.110282592,-0.391372293,-0.179909915,-0.449675858,0.317817092,0,-0,-0,-0.0726902857,-0.280060738,0.0431388579,0.333415598,-0.298303366,0.00486728689,-0.130973309,0.0261445548,-0.0244793762,0.286660701,-0.205030605,-0.0375870615,0.0146452533,0.183545291,0.0231438633,0.0630775169,0.273180455,0.0183659103,1.01770055,0.130418152,0.0355151296,-0.00281616207,0.01644901,-0.18335712,0.0162570514,1.00088811,-0.162855119,0.00273495028,0.00279298774,-0.250741243,0.0674768165,-0.0730980858,0.481098026,0.130725995,-0.325596958,0.0849381909,-0.184339687,-0.680419803,0.0203451607,0.00661632465,-1.04264224,0.361490548,0.0655983463,0.000939289574,0.526655555,-0.028605286,0.391124129,-0.837111652,-0.728210032,-0.238768503,-0.130582854,0.0128405876,-0.736531436,0.0181575287,0.535572171,-0.516813755,-0.0059420797,0.00535793742,-0.144279495,0.0844571888,-0.0563692451,0.325939089,-0.281353205,0.00535738748,-0.0652460307,-0.131940141,0.0060176095,0.295546591,-0.242926925,-0.137505069,0.0385291688,-0.0757974014,0.0373861305,0.150329411,0.247190133,0.0400965437,0.963169396,0.0939454287,0.00791416317,-0.00906035025,0.00805271603,-0.385078996,-0.0157801006,1.00945604,-0.184232906,1.02368467e-05,-0.00209940993,-0.244662166,0.275923669,-0.184159681,0.384743631,-0.465782881,0.0175027139,0.0135420486,-0.431051642,0.0196596757,0.285450578,-0.34024331,-0.44923237,0.125875726,-0.247631937,0.122141391,0.491129816,0.24082008,0.130996376,0.947684228,-0.0331316441,0.025855761,-0.0296003819,0.0263084173,-0.691306353,-0.0515539683,1.09890378,-0.261839718,3.34440265e-05,-0.00685882289,-0.145100459,0.0860230774,-0.0574143641,0.326420009,-0.282861531,0.00545671675,-0.0646016747,-0.13438639,0.00612917962,0.295464009,-0.243722826,-0.140054494,0.039243523,-0.0772027299,0.0380792916,0.153116614,0.247138038,0.0408399589,0.963042736,0.0929061472,0.00806089584,-0.00922833476,0.00820201822,-0.387583435,-0.0160726737,1.01018763,-0.184867606,1.04266446e-05,-0.00213833433
0.130931509,3214716.27,0,0,0.010276123,4.05823812e-06,0,0.186742283,0.0300878584,1,-0.872155786,0.267746568,0.112648681,-0.393657625,-0.234014943,-0.462589622,0.366286993,0,-0,-0,-0.0762169287,-0.27887401,0.0422819592,0.340767503,-0.297515184,0.00025759745,-0.129429415,0.0239621513,-0.0322068036,0.286403239,-0.204669505,-0.052249562,0.0192519482,0.184489921,0.0231349394,0.0707130283,0.272702783,0.0240223221,1.00636494,0.12028797,0.0322422571,-0.00471033156,0.0167240966,-0.193898171,0.0163949225,1.00819135,-0.170024604,0.00260692323,0.0028529542,-0.367858857,0.129249468,-0.105386123,0.796355784,-0.0202461425,-0.444562018,0.173415214,-0.156821191,-0.551606774,-0.086716719,0.0755361468,-1.37769985,0.363867193,0.0990936011,-0.0032784401,0.709722698,-0.043481268,0.520423234,-1.03064311,-0.94313705,-0.282133996,-0.179187119,0.0260944664,-0.980006933,0.00710413931,0.673923612,-0.689572752,-0.0196480937,0.00392508227,-0.154067829,0.120699905,-0.0779808015,0.354333907,-0.321980894,0.0202006642,-0.0584440418,-0.191935271,0.024107255,0.282599628,-0.252867728,-0.179815277,0.0478546284,-0.109716564,0.0451345444,0.178927988,0.249069303,0.0501746945,0.958304465,0.0773310736,0.0112304175,-0.011878402,0.00636110222,-0.405802459,-0.0207297429,1.02123356,-0.196980804,-0.000599270978,-0.00336176087,-0.245962471,0.325843602,-0.21051836,0.446680754,-0.529301763,0.0545340739,0.0121852085,-0.518151879,0.0650803745,0.253025621,-0.342722654,-0.485432535,0.129189208,-0.296192795,0.12184602,0.483037174,0.247487485,0.135452494,0.938426495,-0.046178326,0.0303178355,-0.0320671462,0.0171725452,-0.67060709,-0.0559623837,1.10831094,-0.276830196,-0.00161780254,-0.00907546934,-0.154946044,0.122660398,-0.0792474225,0.355216444,-0.323962182,0.0205287784,-0.0577690601,-0.195052832,0.0244988222,0.282316983,-0.253726453,-0.18273598,0.0486319177,-0.111498661,0.0458676517,0.181834266,0.249054193,0.0509896651,0.958114505,0.0761507377,0.0114128301,-0.0120713403,0.00646442408,-0.408333123,-0.0210664514,1.02206576,-0.197743893,-0.000609004754,-0.00341636501
0.140934026,3214716.28,0,0,0.000312908087,5.31738624e-06,0,0.189465936,0.0585323721,1,-0.87161088,0.267903417,0.113451347,-0.394526333,-0.254996359,-0.467750132,0.39271909,0,-0,-0,-0.0778344721,-0.278289348,0.0418009125,0.34434092,-0.297802448,-0.0016141464,-0.128637791,0.0233488325,-0.0342131816,0.28595686,-0.204385325,-0.058116436,0.0207194407,0.18491739,0.0231118221,0.0737036839,0.272521406,0.0262129121,1.00205016,0.116289787,0.0310950074,-0.00548409717,0.0168681927,-0.19807668,0.0164158754,1.01103866,-0.172976226,0.00250412547,0.0028663401,-0.414099038,0.151162103,-0.12349201,0.921527326,-0.0896761715,-0.472036868,0.205698192,-0.154152289,-0.486533284,-0.117644101,0.0656246692,-1.49303555,0.370371282,0.108405955,-0.00643527973,0.759572923,-0.0460023247,0.556666553,-1.09356856,-1.01714528,-0.28892085,-0.198134109,0.0402872711,-1.06636548,0.00466940226,0.723644674,-0.751571238,-0.0273739994,0.00317095569,-0.162978604,0.140592113,-0.090832606,0.363288522,-0.342084229,0.0235298797,-0.0515953191,-0.22356759,0.0280803051,0.279731929,-0.261580706,-0.209450141,0.0557414182,-0.127798647,0.0525730439,0.208416611,0.248915926,0.0584438443,0.95637697,0.0653547123,0.0130812721,-0.0138360495,0.00740945805,-0.431479812,-0.0241461545,1.02967715,-0.204723582,-0.000698035175,-0.00391580351,-0.237622261,0.402257234,-0.256494612,0.543327928,-0.613163412,0.107725665,-0.00306311995,-0.644558012,0.139137164,0.214383498,-0.353355885,-0.536430299,0.133350804,-0.361703634,0.116237715,0.465379238,0.256472886,0.145229146,0.9279567,-0.0639559925,0.039602343,-0.0302982442,-0.00476267934,-0.637423515,-0.0621389858,1.11836898,-0.295406282,-0.00138485641,-0.0133965313,-0.160232335,0.176053599,-0.112258509,0.406495929,-0.380826831,0.0471476689,-0.0575741976,-0.282099962,0.0608953573,0.262528718,-0.267118394,-0.234776348,0.0583628751,-0.158304736,0.0508730896,0.20367983,0.252832949,0.063561596,0.951599181,0.0563591197,0.0173325278,-0.0132604567,-0.00208445429,-0.419561386,-0.0271960106,1.03493583,-0.21363914,-0.000606102112,-0.00586318225
0.151931722,3214716.29,0,0,0.0113106039,4.21190634e-06,0,0.189465936,0.00412285328,1,-0.868915558,0.267829388,0.115336612,-0.399938256,0.0334136374,-0.425415963,0.842657804,0,-0,-0,-0.0897836685,-0.277453601,0.0417754501,0.371354043,-0.319642067,-0.00509865442,-0.120662816,0.0168804713,-0.0338126309,0.274008304,-0.218176782,-0.105287358,0.025140563,0.182453513,0.0216444228,0.0877555683,0.273027688,0.0367760621,0.980275571,0.0958770514,0.0275396463,-0.00995558873,0.0185027756,-0.217056468,0.0160179734,1.02582049,-0.189784601,0.00156357605,0.00282855891,-0.883527875,0.26428926,0.689004958,1.98320043,-1.76489258,0.0639017075,0.703642547,-0.632674873,0.397388071,-1.10375631,-1.12549746,-3.12801981,0.254837841,-0.380004466,-0.120470904,0.900842488,0.103907213,0.731808424,-1.48458779,-1.42489994,-0.205672801,-0.33237347,0.17043817,-1.25376666,-0.0724844038,1.04185236,-1.16807806,-0.0564545058,-0.00606271997,-0.168806523,0.201115161,-0.128238723,0.421655834,-0.406567901,0.0538592301,-0.0515348017,-0.322257459,0.0695639327,0.257194608,-0.27667281,-0.268197209,0.0666709468,-0.180839717,0.058114972,0.232674062,0.253236234,0.0726097152,0.948979795,0.0430291593,0.0197998472,-0.0151481088,-0.00238118041,-0.443698823,-0.0310674142,1.04417956,-0.222698271,-0.000692381873,-0.00669781771,-0.237622261,0.402257234,-0.256494612,0.543327928,-0.613163412,0.107725665,-0.00306311995,-0.644558012,0.139137164,0.214383498,-0.353355885,-0.536430299,0.133350804,-0.361703634,0.116237715,0.465379238,0.256472886,0.145229146,0.9279567,-0.0639559925,0.039602343,-0.0302982442,-0.00476267934,-0.637423515,-0.0621389858,1.11836898,-0.295406282,-0.00138485641,-0.0133965313,-0.169666514,0.203628808,-0.129841521,0.423176348,-0.409149706,0.0545323901,-0.0509290583,-0.326285183,0.0704333708,0.256659627,-0.277631104,-0.271549284,0.0675042272,-0.18309994,0.0588413216,0.235582128,0.253276676,0.0735172257,0.948717058,0.0416921824,0.0200473163,-0.0153374374,-0.00241094152,-0.446119726,-0.0314557105,1.04510665,-0.223606899,-0.000701035606,-0.00678153057
0.161954252,3214716.3,0,0,0.00129606668,1.19409524e-05,0,0.190127175,0.0571861267,1,-0.866952956,0.266834706,0.115703776,-0.404727608,0.22195068,-0.450773686,0.993658841,0,-0,-0,-0.0983380303,-0.274555236,0.0511191711,0.39055413,-0.334663212,-0.00637692586,-0.112732328,0.007583939,-0.0290186442,0.263324678,-0.228740826,-0.133909479,0.0283123292,0.176995412,0.0204474237,0.0962080508,0.274282575,0.0445425957,0.965699136,0.0815077722,0.0249652267,-0.0134041496,0.0212380905,-0.230484203,0.0147488071,1.03630233,-0.200559437,0.0012365639,0.00275216321,-0.868438363,0.0115991365,0.513571084,1.97799671,-1.54453528,-0.414099991,0.828094661,-1.14984035,0.496986896,-1.00499094,-1.03924704,-2.86640787,0.377789825,-0.629811466,-0.130356535,0.813193798,0.11325033,0.801650882,-1.43554962,-1.43857491,-0.290988594,-0.345262736,0.34413147,-1.4325788,-0.159566522,1.04397607,-1.0222944,-0.0218115486,-0.00838877354,-0.165651262,0.280934751,-0.174517065,0.488188028,-0.456119537,0.091527544,-0.0674055368,-0.410079062,0.122294389,0.238613918,-0.301800728,-0.319892228,0.0784832239,-0.22919561,0.0590040982,0.242926463,0.253208965,0.0934415087,0.939939916,0.0198028386,0.0292640049,-0.0139299324,-0.0262029432,-0.448514521,-0.0396923833,1.04753637,-0.241446778,-0.00335507444,-0.00884799566,-0.216755122,0.499618351,-0.310363621,0.634676218,-0.655486584,0.162773877,-0.0420335494,-0.729290426,0.217490077,0.190830112,-0.381043822,-0.568900883,0.139575675,-0.407604724,0.104933724,0.432023853,0.255706877,0.166177705,0.916540742,-0.0815444887,0.0520435199,-0.0247731898,-0.0465996861,-0.603041053,-0.0705894977,1.1078918,-0.312630236,-0.00596671179,-0.0157354008,-0.166387945,0.284087181,-0.176475361,0.490299702,-0.458993495,0.0925545916,-0.0670397878,-0.41468066,0.123666689,0.237925082,-0.302943051,-0.323481828,0.0793639049,-0.231767476,0.0596661977,0.245652393,0.253244966,0.0944900364,0.939602613,0.0183418542,0.0295923837,-0.0140862437,-0.0264969729,-0.450742126,-0.0401377827,1.04840648,-0.242472917,-0.00339272246,-0.00894728117
0.172948103,3214716.31,0,0,0.012289918,7.44545832e-06,0,0.190127175,0.00456207991,1,-0.864431858,0.264979124,0.115349732,-0.411385596,0.348303795,-0.380769402,1.27323294,0,-0,-0,-0.110888302,-0.277181536,0.0542894453,0.418734699,-0.359640032,-0.00655203033,-0.102559477,-0.00894478522,-0.0173335094,0.252008259,-0.242442429,-0.171728,0.0335117839,0.16805543,0.0183072239,0.105422422,0.275400341,0.0550897121,0.948289096,0.0635973439,0.0217406172,-0.0174894463,0.0262413993,-0.248982191,0.0111656794,1.04925776,-0.213611379,0.00107137591,0.0023897544,-1.24625802,-0.0581113286,0.648572087,2.73546267,-2.53630781,0.588712215,0.872136772,-1.45688224,1.53214478,-0.96525377,-1.25922728,-3.39224315,0.399215281,-0.827454209,-0.21725589,0.722828865,0.0964451656,0.956546783,-1.48515511,-1.55897689,-0.207214773,-0.33784917,0.444239497,-1.57008088,-0.445142835,1.12417555,-1.20534849,-0.0104185035,-0.0584459193,-0.173498735,0.31451565,-0.195377573,0.510682642,-0.486734211,0.102468081,-0.0635094345,-0.459096938,0.136912584,0.231276274,-0.313969225,-0.358129829,0.0878645405,-0.256592005,0.0660570189,0.271964133,0.253592551,0.104610831,0.936346769,0.00424000621,0.0327620134,-0.0155950161,-0.0293350536,-0.472243518,-0.0444369242,1.05680454,-0.252377659,-0.00375611568,-0.00990562141,-0.216755122,0.499618351,-0.310363621,0.634676218,-0.655486584,0.162773877,-0.0420335494,-0.729290426,0.217490077,0.190830112,-0.381043822,-0.568900883,0.139575675,-0.407604724,0.104933724,0.432023853,0.255706877,0.166177705,0.916540742,-0.0815444887,0.0520435199,-0.0247731898,-0.0465996861,-0.603041053,-0.0705894977,1.1078918,-0.312630236,-0.00596671179,-0.0157354008,-0.174210221,0.317560226,-0.197268859,0.512722075,-0.489509821,0.103459992,-0.0631562024,-0.46354109,0.138237923,0.230611011,-0.315072477,-0.361596614,0.0887150839,-0.25907585,0.066696465,0.274596781,0.25362733,0.105623484,0.93602103,0.00282901525,0.0330791548,-0.0157459788,-0.0296190232,-0.474394888,-0.0448670834,1.05764484,-0.253368706,-0.00379247568,-0.0100015095
0.183932653,3214716.33,0,0,0.00330236601,4.71109524e-06,0,0.188862905,0.0846552849,1,-0.86103946,0.262917101,0.114001356,-0.420106322,0.454923928,-0.409605592,1.61666119,0,-0,-0,-0.126548022,-0.274993032,0.0674983561,0.453400671,-0.389047235,0.000262646121,-0.0905154198,-0.0303075071,0.00266153854,0.240216091,-0.25756973,-0.212140873,0.0377487093,0.156797782,0.0160211045,0.112863533,0.27656132,0.0674632564,0.930541992,0.0441975221,0.0198367629,-0.0212993752,0.0321777612,-0.268681794,0.00454695849,1.0632174,-0.228420749,0.000980292796,0.00133571483,-1.34478676,-0.076427944,0.637218356,3.0061636,-2.4676919,0.124165848,1.07335043,-2.07726836,1.63356578,-0.949214458,-1.25279224,-3.36288834,0.38728416,-0.993269145,-0.179367796,0.546781301,0.0680669099,1.0605303,-1.45945358,-1.64791131,-0.135653719,-0.298441738,0.545334399,-1.74190724,-0.59435147,1.17464507,-1.22382891,-0.00607193029,-0.100606896,-0.153622925,0.422439754,-0.271084726,0.616407752,-0.538813889,0.154788405,-0.107942738,-0.561667383,0.223438635,0.220749021,-0.348434448,-0.407148004,0.099755086,-0.306460083,0.0615682341,0.253116012,0.249600112,0.142240658,0.917547822,-0.0235531181,0.0454695486,-0.0123341652,-0.0726185441,-0.465144098,-0.0465821102,1.05322134,-0.280498832,-0.0180953369,-0.0156224249,-0.177260816,0.608658314,-0.390583426,0.755885661,-0.688168764,0.223021746,-0.111444034,-0.809259832,0.321934164,0.185813859,-0.413866848,-0.586625695,0.143728808,-0.441552848,0.0887085497,0.36469382,0.249423832,0.204942748,0.894426048,-0.100058258,0.0655132905,-0.0177712739,-0.104630023,-0.559983253,-0.0671162903,1.08990669,-0.338024914,-0.0260720663,-0.0225090533,-0.154056683,0.425856858,-0.273277521,0.618967175,-0.54155457,0.15604049,-0.108006991,-0.566210687,0.225246027,0.220107973,-0.349635124,-0.410441399,0.100561999,-0.30893904,0.062066257,0.255163461,0.249596879,0.143391252,0.917123556,-0.0249569863,0.0458373502,-0.0124339368,-0.0732059553,-0.466884404,-0.0469589122,1.05389452,-0.281554431,-0.0182417091,-0.0157487951
0.193954644,3214716.34,0,0,0.0133243571,7.07991421e-06,0,0.188862905,0.00460666418,1,-0.85845381,0.261776149,0.112403825,-0.426492304,0.402481824,-0.177762434,1.8359797,0,-0,-0,-0.142259434,-0.279291809,0.0621014796,0.486329347,-0.417649269,0.00577101298,-0.0837553367,-0.0455625765,0.0274184365,0.234836385,-0.270672441,-0.242336422,0.0413313881,0.148936093,0.0136094932,0.116472423,0.276493669,0.07765726,0.918253303,0.0302818399,0.0200062189,-0.0240205396,0.0363751315,-0.283156395,-0.000842981855,1.07318199,-0.241133645,-0.000321462838,-0.000287384086,-2.33382916,-0.555689991,-0.763085544,4.77268267,-4.31054544,1.13048887,0.733189821,-1.79399419,3.97816467,-0.540311515,-1.8931917,-4.12053347,0.433317065,-0.983882666,-0.384703547,0.399593562,-0.0411802977,1.40685475,-1.59955001,-1.81263697,0.127149925,-0.373352051,0.512338638,-1.83569598,-0.723705769,1.30861163,-1.83876383,-0.264284581,-0.266812563,-0.157874063,0.455930024,-0.292575836,0.641492009,-0.565674484,0.167059764,-0.108572423,-0.60619539,0.241152465,0.214466155,-0.360202074,-0.439425975,0.10766349,-0.330755711,0.0664492548,0.273182601,0.249568403,0.153517261,0.913389564,-0.0373121053,0.0490742922,-0.0133119971,-0.0783756152,-0.482200354,-0.0502750576,1.05981898,-0.29084456,-0.0195299033,-0.0168609433,-0.177260816,0.608658314,-0.390583426,0.755885661,-0.688168764,0.223021746,-0.111444034,-0.809259832,0.321934164,0.185813859,-0.413866848,-0.586625695,0.143728808,-0.441552848,0.0887085497,0.36469382,0.249423832,0.204942748,0.894426048,-0.100058258,0.0655132905,-0.0177712739,-0.104630023,-0.559983253,-0.0671162903,1.08990669,-0.338024914,-0.0260720663,-0.0225090533,-0.158291623,0.459219575,-0.294686794,0.643955946,-0.568312824,0.168265104,-0.108634278,-0.610569119,0.242892385,0.213849023,-0.361357927,-0.442596436,0.108440287,-0.333142102,0.0669286922,0.275153637,0.249565288,0.154624894,0.912981093,-0.0386635661,0.0494283661,-0.0134080434,-0.0789410993,-0.483875692,-0.0506377965,1.060467,-0.291860759,-0.0196708124,-0.0169825964
0.204931683,3214716.35,0,0,0.00428475207,4.16534021e-06,0,0.237447675,0.0976403952,1,-0.85377878,0.260239303,0.109705031,-0.43738094,0.430548012,-0.413918167,2.03344607,0,-0,-0,-0.168919876,-0.277691066,0.070086658,0.541801572,-0.460263848,0.0220674835,-0.0724345744,-0.0716649219,0.0744862929,0.227784917,-0.291075945,-0.280508816,0.0466441698,0.136186436,0.0112218112,0.119061388,0.27583313,0.0966905951,0.899569154,0.00767062604,0.0221988298,-0.0280939676,0.0417494103,-0.305319935,-0.00967216864,1.08903646,-0.26289472,-0.00374705973,-0.00395173999,-1.92276013,0.609357774,1.5441637,4.14839029,-2.59946918,1.175632,1.16657972,-2.67119241,3.14997077,-0.716144681,-1.42725992,-1.77068639,0.473378032,-1.12402475,-0.0243451968,0.103137165,-0.0549919903,1.65402472,-1.48008335,-1.90331399,0.1581285,-0.27430585,0.40668425,-1.85921443,-0.698366284,1.28480768,-1.60792851,-0.228808165,-0.286166012,-0.125924513,0.579164445,-0.407357037,0.764046907,-0.617245913,0.213209763,-0.196442306,-0.685773015,0.341668159,0.241178006,-0.389955372,-0.475046962,0.113092132,-0.343196481,0.0702725649,0.218979284,0.238851428,0.204797596,0.879415035,-0.0663958937,0.0566759408,-0.00371563504,-0.125589892,-0.467473388,-0.0352335349,1.05860579,-0.324291646,-0.0572974198,-0.0337296166,-0.132212996,0.719651759,-0.5061692,0.876610279,-0.718456805,0.264927834,-0.219836205,-0.85212028,0.424546242,0.226909608,-0.436032653,-0.590278625,0.140524775,-0.426445305,0.0873185098,0.272096872,0.236147121,0.254475147,0.857441902,-0.118886828,0.070423767,-0.00461693294,-0.156054109,-0.520225704,-0.0437800959,1.08009875,-0.36656937,-0.0711959973,-0.0419113748,-0.126074746,0.582520723,-0.409717679,0.76673609,-0.619663894,0.214445323,-0.197001189,-0.689747095,0.343648136,0.240837127,-0.39105618,-0.477799892,0.113747507,-0.345185339,0.0706797987,0.220248282,0.238786817,0.205984414,0.878890097,-0.0676499158,0.057004381,-0.00373716746,-0.126317695,-0.468733668,-0.0354377143,1.05911922,-0.325301647,-0.0576294623,-0.0339250825
0.214933853,3214716.36,0,0,0.0142869218,5.55580482e-06,0,0.237447675,0.00411969423,1,-0.849115551,0.260106653,0.107373707,-0.447010279,0.0716213435,-0.179488719,2.19371581,0,-0,-0,-0.194265246,-0.271036386,0.0759047791,0.593506634,-0.493806273,0.0352436453,-0.0656542331,-0.0952260345,0.118451007,0.229900867,-0.308311582,-0.288509429,0.0510196164,0.127121761,0.00950935017,0.118846953,0.273637623,0.116985522,0.884209692,-0.0113762571,0.0254995394,-0.0302172583,0.0444669053,-0.324782312,-0.0140910884,1.10269868,-0.281336278,-0.0109391119,-0.00956092216,-2.76630974,0.365525752,-0.331414491,5.59020138,-3.60627913,0.839384437,0.505168557,-2.32498264,4.80188799,0.612196445,-1.76347065,-0.356823593,0.469946891,-0.770627022,-0.159008682,-0.124607138,-0.340586156,2.22773147,-1.54599082,-1.91788459,0.413815647,-0.149334833,0.178229854,-2.02629232,-0.309588432,1.36811686,-1.9352386,-0.954879642,-0.681606174,-0.127377912,0.611634076,-0.430194646,0.790062726,-0.640637934,0.225162923,-0.201849133,-0.724219441,0.360823065,0.23788026,-0.400604844,-0.50167948,0.119432412,-0.362437099,0.0742122531,0.231255919,0.238226399,0.216279164,0.874336541,-0.078527689,0.0598533601,-0.00392394466,-0.13263084,-0.479665607,-0.0372088291,1.06357324,-0.334062934,-0.0605096817,-0.0356205963,-0.132212996,0.719651759,-0.5061692,0.876610279,-0.718456805,0.264927834,-0.219836205,-0.85212028,0.424546242,0.226909608,-0.436032653,-0.590278625,0.140524775,-0.426445305,0.0873185098,0.272096872,0.236147121,0.254475147,0.857441902,-0.118886828,0.070423767,-0.00461693294,-0.156054109,-0.520225704,-0.0437800959,1.08009875,-0.36656937,-0.0711959973,-0.0419113748,-0.127512842,0.614648283,-0.432314664,0.792477787,-0.642809451,0.226272538,-0.202351049,-0.727788448,0.362601221,0.23757413,-0.401593417,-0.504151821,0.120020978,-0.364223182,0.0745779723,0.232395545,0.238168374,0.217344984,0.873865128,-0.079653874,0.0601483211,-0.00394328171,-0.13328445,-0.48079741,-0.0373921953,1.06403434,-0.334969997,-0.0608078763,-0.0357961357
0.225933557,3214716.37,0,0,0.00530299917,5.15626743e-06,0,0.190726016,0.132387072,1,-0.844286323,0.260669321,0.105868593,-0.456096381,-0.0605539568,-0.334255427,1.93757915,0,-0,-0,-0.220455751,-0.270338893,0.0703074262,0.646948874,-0.527640522,0.039212428,-0.0605140775,-0.122202396,0.161773279,0.236332417,-0.323852718,-0.289025635,0.0574963838,0.120412759,0.0094186496,0.116122365,0.269198567,0.140815362,0.86954391,-0.0308390018,0.02984198,-0.0307232719,0.045129966,-0.345621943,-0.016356118,1.11513829,-0.299799055,-0.0211900994,-0.0164751448,-2.45480418,-0.0393139124,-0.580258071,5.07071733,-3.20319414,0.554122627,0.52627039,-2.99049187,3.90797472,0.582158864,-1.43885088,0.0768104717,0.787273884,-0.632163525,0.0830079541,-0.341549277,-0.479072303,2.45050168,-1.40829301,-1.97117114,0.424594522,0.0219862834,-0.0164190009,-2.09298253,-0.194090635,1.15386415,-1.75204611,-1.01274371,-0.663953543,-0.0791462287,0.6593467,-0.572481394,0.888941586,-0.692312419,0.218650639,-0.3411403,-0.724266231,0.431174725,0.310949802,-0.438582391,-0.521909237,0.118040405,-0.32350862,0.0983082354,0.187756017,0.195947289,0.272636652,0.845031381,-0.114566743,0.0706470236,-0.012336418,-0.154960796,-0.494794995,-0.0123771708,1.0835439,-0.375091732,-0.0992600024,-0.0593551509,-0.0766455382,0.738412619,-0.641130805,0.959564805,-0.751348317,0.244870245,-0.370056748,-0.811116993,0.482879281,0.312262863,-0.467192113,-0.584494233,0.132195279,-0.362302333,0.110096917,0.210270882,0.189465538,0.305330008,0.8300457,-0.146292418,0.0791186988,-0.0138157457,-0.173543006,-0.524149716,-0.0138613861,1.09715962,-0.402083725,-0.111162819,-0.0664727539,-0.0790633783,0.661966324,-0.574755847,0.891281426,-0.694268405,0.219519347,-0.342098355,-0.727143764,0.432887793,0.310993314,-0.439530283,-0.523982763,0.118509382,-0.324793935,0.0986988172,0.188501984,0.195732549,0.273719847,0.844534874,-0.115617871,0.0709277093,-0.0123854307,-0.155576468,-0.495767564,-0.0124263456,1.0839951,-0.37598604,-0.0996543691,-0.0595909692
0.237121819,3214716.38,0,0,0.0164912608,7.63777643e-06,0,0.190726016,0.00288832188,1,-0.839185119,0.263222784,0.104400717,-0.464308769,-0.583793879,-0.000637631572,2.03760099,0,-0,-0,-0.249418899,-0.266063273,0.0656617954,0.701346517,-0.564396203,0.0454856046,-0.0641940311,-0.147566244,0.209346727,0.258799613,-0.343570262,-0.287571967,0.064176403,0.117032826,0.007944257,0.112619027,0.262701094,0.170940846,0.85436666,-0.0513288751,0.0356429294,-0.030764576,0.041779872,-0.366895139,-0.0153419673,1.12860858,-0.32156232,-0.0364836752,-0.0264298059,-2.95651984,0.709594667,-0.438187271,5.47991276,-3.70127892,0.677793682,-0.668932557,-2.41289616,4.82339859,2.87463236,-2.00384569,0.165266827,0.558808923,-0.167699412,-0.146556661,-0.394816101,-0.726635158,3.30225229,-1.54825807,-2.10916519,0.64009726,-0.000605600304,-0.544172466,-2.1275878,0.233939424,1.39614975,-2.32460713,-1.73719049,-1.12615192,-0.0783161819,0.685590923,-0.595268071,0.912383378,-0.711908102,0.227353662,-0.350738466,-0.753094435,0.448336929,0.311385661,-0.448078752,-0.542682946,0.122738801,-0.336385339,0.102221228,0.195229337,0.193795815,0.283488482,0.840057194,-0.125097394,0.0734590068,-0.0128274476,-0.161128759,-0.504538655,-0.0128698237,1.08806336,-0.384051144,-0.103210881,-0.0617176816,-0.0766455382,0.738412619,-0.641130805,0.959564805,-0.751348317,0.244870245,-0.370056748,-0.811116993,0.482879281,0.312262863,-0.467192113,-0.584494233,0.132195279,-0.362302333,0.110096917,0.210270882,0.189465538,0.305330008,0.8300457,-0.146292418,0.0791186988,-0.0138157457,-0.173543006,-0.524149716,-0.0138613861,1.09715962,-0.402083725,-0.111162819,-0.0664727539,-0.0782372504,0.68808651,-0.597434878,0.914612532,-0.713771462,0.228181243,-0.351651192,-0.755835772,0.449968904,0.311427087,-0.448981792,-0.544658363,0.123185582,-0.337609828,0.102593318,0.195939988,0.193591237,0.284520417,0.839584231,-0.126098782,0.0737264082,-0.0128741413,-0.161715284,-0.50546515,-0.0129166711,1.08849311,-0.384903103,-0.103586577,-0.0619423389
0.247933947,3214716.39,0,0,0.00711497664,5.43799251e-06,0,0.394122675,0.139380485,1,-0.831839621,0.26825124,0.104073912,-0.474608034,-0.972567916,-0.248379201,2.11402392,0,-0,-0,-0.281107366,-0.25198853,0.0619804934,0.76284349,-0.602068424,0.0580374077,-0.071697332,-0.179966927,0.255107582,0.292061627,-0.362048984,-0.285729259,0.0693560615,0.117228493,0.00916369073,0.105784208,0.253789663,0.213252604,0.836798251,-0.0779064819,0.0432263836,-0.0298619028,0.03184212,-0.391611427,-0.0119033819,1.14378333,-0.348211169,-0.0573191755,-0.0397274867,-2.42693496,1.54449189,-0.115948424,4.87455416,-2.73958564,1.39777625,-0.608631253,-2.9523294,3.04430366,2.62867165,-1.20827091,0.139803037,0.389626652,0.124061137,0.280080676,-0.696212769,-0.737131417,3.66667032,-1.40361273,-2.29444861,0.620970905,0.133570611,-1.03198016,-2.00255632,0.313673139,1.16200888,-2.13353086,-1.71786094,-1.08142078,-0.0315350741,0.646962404,-0.710372686,0.993957937,-0.715882719,0.150739878,-0.499027938,-0.679936171,0.471533716,0.448947847,-0.460153341,-0.552410901,0.119715057,-0.258058369,0.13751635,0.206868485,0.107556283,0.333553046,0.827970982,-0.162577748,0.0888935998,-0.0421198048,-0.154096693,-0.572801352,0.00230913074,1.13795006,-0.428657174,-0.127359346,-0.0881499946,-0.0284065381,0.676525652,-0.742833495,1.02566862,-0.739456177,0.157628,-0.517261684,-0.711006165,0.493080646,0.455754101,-0.47204113,-0.577653587,0.12518549,-0.269850463,0.143800214,0.216321424,0.101047263,0.348794907,0.82148093,-0.176861137,0.092955634,-0.0440444872,-0.161138207,-0.587551892,0.00241464749,1.14562464,-0.441390544,-0.133179083,-0.0921780467,-0.0313825011,0.648404121,-0.711955726,0.99550432,-0.717032313,0.15107578,-0.49991712,-0.68145138,0.472584486,0.449279785,-0.460733056,-0.553641915,0.119981833,-0.258633435,0.137822792,0.207329467,0.107238859,0.334296346,0.827654481,-0.163274318,0.0890916958,-0.0422136635,-0.15444009,-0.57352066,0.00231427653,1.13832438,-0.429278135,-0.127643153,-0.0883464292
0.257934307,3214716.4,0,0,0.0171153368,5.53997234e-06,0,0.394122675,0.00154739618,1,-0.825325847,0.27483812,0.104622632,-0.482032567,-1.636971,0.168363363,1.86677921,0,-0,-0,-0.309628785,-0.232719153,0.0582790747,0.814231873,-0.626756847,0.0612253472,-0.0879818648,-0.205790639,0.285580844,0.334200859,-0.37670669,-0.284611434,0.0743286163,0.121846415,0.00955617521,0.098570466,0.245382637,0.253347874,0.822440684,-0.101206772,0.0495793335,-0.0291646179,0.018731676,-0.412338674,-0.0063861981,1.15666068,-0.37144959,-0.0755127892,-0.0518979095,-3.16837883,2.12057471,-0.712495327,5.38524532,-2.32121778,-0.545398653,-2.370718,-2.20398045,3.17100668,5.46538305,-1.67262924,0.0901914909,0.556026697,0.745272756,-0.120477289,-0.726383388,-0.924773693,4.23168898,-1.46985424,-2.33895969,0.629832983,0.0113574965,-1.50882745,-2.14897323,0.727115929,1.40043437,-2.46818662,-1.86763155,-1.31260979,-0.0301976129,0.659600794,-0.72424978,1.00751436,-0.725960433,0.153684571,-0.506822944,-0.693218708,0.480745077,0.451857567,-0.465235412,-0.563202262,0.122053683,-0.263099521,0.140202716,0.210909635,0.104773656,0.340068996,0.825196505,-0.168683946,0.0906301364,-0.0429426134,-0.157106966,-0.579107285,0.00235423958,1.14123094,-0.434100747,-0.129847303,-0.0898720026,-0.0284065381,0.676525652,-0.742833495,1.02566862,-0.739456177,0.157628,-0.517261684,-0.711006165,0.493080646,0.455754101,-0.47204113,-0.577653587,0.12518549,-0.269850463,0.143800214,0.216321424,0.101047263,0.348794907,0.82148093,-0.176861137,0.092955634,-0.0440444872,-0.161138207,-0.587551892,0.00241464749,1.14562464,-0.441390544,-0.133179083,-0.0921780467,-0.0300878286,0.660638273,-0.725388944,1.00862718,-0.726787686,0.153926298,-0.5074628,-0.694309056,0.481501222,0.452096403,-0.465652585,-0.564088106,0.122245654,-0.263513356,0.140423238,0.211241364,0.104545236,0.340603858,0.824968696,-0.169185191,0.0907726809,-0.0430101529,-0.157354072,-0.579624891,0.00235794229,1.14150035,-0.434547573,-0.130051523,-0.090013355
0.26893253,3214716.41,0,0,0.00826757215,4.87593934e-06,0,0.196367968,0.218581975,1,-0.817009568,0.28586331,0.107255481,-0.489156157,-2.2475915,0.356162041,1.47725105,0,-0,-0,-0.346681446,-0.210376129,0.0389173292,0.879082203,-0.653362989,0.0509256795,-0.121819437,-0.231251672,0.316395521,0.407702953,-0.389912874,-0.283928454,0.0813251734,0.135003909,0.0104404874,0.0892750174,0.233530343,0.306388974,0.805180192,-0.129219219,0.0554035753,-0.0303289685,-0.00346391229,-0.439057887,0.00281669991,1.17355645,-0.401331633,-0.0955796391,-0.0675554425,-3.595433,1.76920271,-2.1836524,5.70997381,-2.21113729,-1.90954936,-4.1261754,-1.72051549,2.65595007,8.13465405,-0.549558342,0.0327812992,0.690041959,1.32620823,-0.235537797,-0.621359766,-1.09679329,4.87763214,-1.5213865,-2.27401328,0.368703425,-0.439701885,-2.17404437,-2.30055881,0.840595901,1.6497395,-2.96982765,-1.55904412,-1.52064037,-0.0446741693,0.570382237,-0.802850246,1.07007337,-0.659663022,0.00668012071,-0.660651624,-0.584995151,0.484643102,0.674157023,-0.384707421,-0.585600138,0.113230057,-0.181391358,0.202203974,0.291190058,-0.0247895122,0.399651557,0.849127233,-0.202722996,0.111374825,-0.106294811,-0.138453811,-0.698660791,-0.00452528615,1.21034396,-0.501771808,-0.127340376,-0.127809688,-0.044046659,0.576851547,-0.811956227,1.07880759,-0.664876521,0.00675588707,-0.667010546,-0.59163022,0.490139961,0.678400755,-0.386802375,-0.592242062,0.114514321,-0.183448702,0.204497382,0.294492751,-0.0279061794,0.404184431,0.847756267,-0.206723601,0.112638041,-0.107500412,-0.140024155,-0.703749537,-0.00457661226,1.21306992,-0.505761623,-0.128784671,-0.129259318,-0.0446219668,0.570920408,-0.803607762,1.07079995,-0.660096705,0.00668642344,-0.661180615,-0.585547149,0.485100389,0.674510062,-0.384881675,-0.586152673,0.113336891,-0.181562498,0.202394754,0.291464806,-0.0250487626,0.400028646,0.84901315,-0.203055799,0.111479908,-0.106395103,-0.138584435,-0.699084163,-0.00452955579,1.21057069,-0.502103686,-0.127460524,-0.127930284
0.279931243,3214716.42,0,0,0.019266285,4.13088128e-06,0,0.196367968,0.000718712807,1,-0.810236573,0.297651589,0.110177316,-0.492728353,-2.67805648,0.064068988,1.32290637,0,-0,-0,-0.383063704,-0.193594575,0.0115796579,0.937136948,-0.67380327,0.0292207748,-0.171326786,-0.245987445,0.339671046,0.50383395,-0.387994319,-0.283802539,0.0872116461,0.150842398,0.00958216656,0.0843627751,0.221698195,0.359453499,0.788898528,-0.152130932,0.0573389865,-0.038683787,-0.0297470223,-0.462896436,0.0109687615,1.19211161,-0.434874505,-0.109019443,-0.0845381171,-3.29012227,1.60671401,-3.04504871,5.66164255,-1.85265803,-1.75732768,-4.88152456,-1.55155194,1.79560494,9.57356739,0.588359356,0.002034178,0.446551323,1.74747097,0.290913254,-0.487884611,-1.18736053,5.3742795,-1.63645482,-2.33879352,0.0745918751,-0.972032011,-2.86343598,-2.42492342,0.722898602,1.84824634,-3.32407999,-1.15445471,-1.68078756,-0.0442439057,0.574818015,-0.809093893,1.0760622,-0.663237751,0.00673207128,-0.665011704,-0.589544594,0.488412112,0.677066803,-0.386143863,-0.59015429,0.114110634,-0.182802007,0.203776494,0.293454617,-0.0269265175,0.402759612,0.848187208,-0.205466092,0.11224097,-0.107121453,-0.13953054,-0.702149987,-0.00456047896,1.21221304,-0.504507482,-0.128330678,-0.128803656,-0.044046659,0.576851547,-0.811956227,1.07880759,-0.664876521,0.00675588707,-0.667010546,-0.59163022,0.490139961,0.678400755,-0.386802375,-0.592242062,0.114514321,-0.183448702,0.204497382,0.294492751,-0.0279061794,0.404184431,0.847756267,-0.206723601,0.112638041,-0.107500412,-0.140024155,-0.703749537,-0.00457661226,1.21306992,-0.505761623,-0.128784671,-0.129259318,-0.0442191362,0.575073421,-0.809453368,1.07640696,-0.663443565,0.00673506176,-0.665262699,-0.589806497,0.488629103,0.677234292,-0.386226535,-0.590416491,0.114161327,-0.182883218,0.203867018,0.293584973,-0.0270495415,0.402938515,0.848133087,-0.205623984,0.112290829,-0.10716904,-0.139592528,-0.702350855,-0.00456250459,1.21232069,-0.504665017,-0.12838769,-0.128860876
0.289934536,3214716.43,0,0,0.00929763401,5.54602593e-06,0,0.196659938,0.233703852,1,-0.80157572,0.311956048,0.116844095,-0.496494919,-2.86106825,0.343286365,0.883837402,0,-0,-0,-0.418798268,-0.175466821,-0.0297097489,0.999215007,-0.67803973,0.00239335187,-0.234231934,-0.266175628,0.354576707,0.61881274,-0.368707418,-0.283926845,0.0918421298,0.173247308,0.0150151355,0.0801388472,0.208333358,0.424834192,0.7718485,-0.180548415,0.053715229,-0.0548017472,-0.0675112233,-0.4919146,0.0157017503,1.21472442,-0.475747079,-0.117184885,-0.105859227,-3.42669082,1.28608179,-3.78012371,5.25901413,-0.582885027,-3.53455949,-6.75201273,-1.50445235,1.32436454,11.42381,3.35560656,-0.0187189952,0.361205727,1.78614032,0.000170713145,-0.0262037944,-1.11263442,6.05333662,-1.18740439,-2.36920428,-0.767046273,-2.0931778,-3.60716915,-2.35948801,0.0918568969,2.29926062,-4.23316765,-0.206577793,-2.28729153,-0.124711461,0.489797652,-0.868408203,1.00236845,-0.537477195,-0.189211562,-0.793177783,-0.450277686,0.445738941,0.91220814,-0.207654685,-0.597551346,0.0892847404,-0.164846376,0.291427404,0.363322854,-0.15839684,0.480469584,0.916182101,-0.248162121,0.115040518,-0.209705949,-0.199084833,-0.87971127,-0.0584505945,1.27310181,-0.587126613,-0.0879315659,-0.18875058,-0.124726355,0.490092874,-0.868931592,1.00279176,-0.537680566,-0.189325601,-0.793595552,-0.450549066,0.446007609,0.912577152,-0.207659304,-0.597911477,0.0893385559,-0.164945737,0.291603059,0.363541842,-0.158642977,0.480759174,0.916149676,-0.248402119,0.115109853,-0.20983234,-0.199204832,-0.880090833,-0.0584858246,1.27328444,-0.587390065,-0.0879845619,-0.18886435,-0.124714822,0.4898642,-0.868526161,1.00246382,-0.537523031,-0.189237267,-0.793271959,-0.45033884,0.4457995,0.912291348,-0.207655728,-0.597632527,0.0892968699,-0.164868772,0.291467011,0.363372207,-0.158452302,0.480534852,0.916174829,-0.248216242,0.115056142,-0.20973444,-0.199111879,-0.879796863,-0.0584585369,1.27314293,-0.587185979,-0.0879435092,-0.188776225
0.29993678,3214716.44,0,0,0.0192998783,6.32693991e-06,0,0.196659938,9.91225243e-05,1,-0.796431184,0.322189778,0.120800704,-0.497290969,-2.99721336,-0.116541691,0.846030414,0,-0,-0,-0.444435954,-0.166961029,-0.062997669,1.03743541,-0.668920457,-0.0308033247,-0.292012542,-0.27814281,0.363943219,0.714781344,-0.335238993,-0.284114957,0.0930078551,0.187753171,0.016508976,0.0811654255,0.199766681,0.475904703,0.764406204,-0.200240895,0.0445687063,-0.0764733776,-0.0997291878,-0.510926127,0.0139459809,1.23462784,-0.512064874,-0.115561396,-0.126192063,-2.62256289,0.959030032,-4.37030315,4.37776995,1.89568889,-3.5455122,-6.74573803,-1.6332382,0.857714415,11.3597631,3.95658422,-0.025952626,-0.0781550556,1.93124378,0.710371196,0.0895904824,-1.02770281,6.31040382,-0.77021575,-2.55231333,-1.29445267,-2.86485791,-4.18419504,-2.45235038,-0.390208542,2.39495778,-4.28210306,0.382785589,-2.46330428,-0.124726281,0.490091413,-0.868929029,1.00278974,-0.537679553,-0.189325035,-0.793593466,-0.450547725,0.446006268,0.912575305,-0.207659274,-0.597909689,0.0893382877,-0.164945245,0.291602194,0.363540769,-0.158641756,0.480757743,0.916149855,-0.248400927,0.115109511,-0.209831715,-0.199204236,-0.880088925,-0.0584856495,1.27328348,-0.587388754,-0.0879843011,-0.188863784,-0.124726355,0.490092874,-0.868931592,1.00279176,-0.537680566,-0.189325601,-0.793595552,-0.450549066,0.446007609,0.912577152,-0.207659304,-0.597911477,0.0893385559,-0.164945737,0.291603059,0.363541842,-0.158642977,0.480759174,0.916149676,-0.248402119,0.115109853,-0.20983234,-0.199204832,-0.880090833,-0.0584858246,1.27328444,-0.587390065,-0.0879845619,-0.18886435,-0.124726348,0.490092695,-0.868931293,1.00279152,-0.537680447,-0.189325526,-0.793595314,-0.450548917,0.44600746,0.912576914,-0.207659304,-0.597911239,0.0893385261,-0.164945677,0.291602969,0.363541722,-0.158642828,0.480758995,0.916149676,-0.24840197,0.115109809,-0.209832266,-0.199204758,-0.880090594,-0.0584858023,1.27328432,-0.587389946,-0.0879845321,-0.188864276
0.309937824,3214716.45,0,0,0.00930427993,7.05197453e-06,0,0.192922074,0.323585868,1,-0.788879275,0.333604962,0.129365638,-0.499641657,-3.02614856,-0.612555265,0.794968843,0,-0,-0,-0.461986691,-0.158447176,-0.108685158,1.07771695,-0.662397206,-0.0518551394,-0.353502512,-0.295881271,0.369409859,0.815239906,-0.294646382,-0.284347922,0.0906509906,0.208428904,0.0289220344,0.0816978142,0.190647453,0.535267413,0.760817826,-0.226672128,0.0293911826,-0.106062643,-0.141572461,-0.536629677,0.00504852971,1.2562536,-0.549058914,-0.10811574,-0.149346605,-1.3810724,0.579721034,-4.74077415,3.56377029,0.381343096,-1.7603972,-6.36767006,-1.73048079,0.600300252,10.1502304,5.34006166,-0.0138986977,-0.354602396,1.96736157,1.330585,0.0678110495,-0.885290623,6.05518723,0.108595744,-2.67895555,-1.83826649,-3.2471149,-4.34822035,-2.53737569,-1.58047533,2.27502441,-3.77044153,1.23201311,-2.56966615,-0.205543011,0.323340178,-0.852489948,0.679205656,-0.300286025,-0.38246721,-0.845477283,-0.154655457,0.314826608,1.1001482,0.000249102712,-0.566181183,0.0399242193,-0.1246842,0.340046614,0.320212841,-0.337132752,0.520890951,0.984963119,-0.292719781,0.100641832,-0.288630247,-0.259299934,-1.09298015,-0.157492474,1.33207166,-0.642343342,-0.0191979147,-0.252555609,-0.205543011,0.323340178,-0.852489948,0.679205656,-0.300286025,-0.38246721,-0.845477283,-0.154655457,0.314826608,1.1001482,0.000249102712,-0.566181183,0.0399242193,-0.1246842,0.340046614,0.320212841,-0.337132752,0.520890951,0.984963119,-0.292719781,0.100641832,-0.288630247,-0.259299934,-1.09298015,-0.157492474,1.33207166,-0.642343342,-0.0191979147,-0.252555609,-0.205543011,0.323340178,-0.852489948,0.679205656,-0.300286025,-0.38246721,-0.845477283,-0.154655457,0.314826608,1.1001482,0.000249102712,-0.566181183,0.0399242193,-0.1246842,0.340046614,0.320212841,-0.337132752,0.520890951,0.984963119,-0.292719781,0.100641832,-0.288630247,-0.259299934,-1.09298015,-0.157492474,1.33207166,-0.642343342,-0.0191979147,-0.252555609
0.320935282,3214716.46,0,0,0.000272956211,5.70528209e-06,0,0.188444275,0.519170463,1,-0.779743671,0.346285254,0.140537038,-0.502330244,-3.13350558,-0.930504143,0.769734979,0,-0,-0,-0.469556481,-0.155089319,-0.170873493,1.1054337,-0.629354954,-0.0754715726,-0.429938108,-0.312330931,0.377386063,0.933754086,-0.22179988,-0.284367979,0.0842201635,0.232242122,0.0473019779,0.0824140534,0.179870561,0.606964231,0.770081818,-0.259531498,0.00349139539,-0.146814972,-0.194737136,-0.568831801,-0.0248863734,1.28428006,-0.591935456,-0.0859878436,-0.182759851,-0.0637595728,0.195985407,-5.40768385,2.03354096,1.48131859,-1.27016079,-6.06003094,-1.11283386,0.593161404,9.1083889,5.72675419,0.00341285719,-0.594234467,2.08515668,1.72527277,0.0348950922,-0.899570644,5.60043573,1.1180855,-2.76445889,-2.26267695,-3.21868229,-4.28433704,-2.90257621,-2.8392942,2.19835877,-3.11838913,2.04771447,-2.6839273,-0.205543011,0.323340178,-0.852489948,0.679205656,-0.300286025,-0.38246721,-0.845477283,-0.154655457,0.314826608,1.1001482,0.000249102712,-0.566181183,0.0399242193,-0.1246842,0.340046614,0.320212841,-0.337132752,0.520890951,0.984963119,-0.292719781,0.100641832,-0.288630247,-0.259299934,-1.09298015,-0.157492474,1.33207166,-0.642343342,-0.0191979147,-0.252555609,-0.240467876,-0.0463789031,-0.630838752,0.160035193,0.114166781,-0.630667865,-0.774088979,0.359412104,0.0699246749,1.27188253,0.134664729,-0.460848182,-0.0129935853,0.0219397135,0.268345833,0.249465242,-0.560164809,0.502253056,1.06014764,-0.372731954,0.0921546668,-0.339528114,-0.257293999,-1.34732592,-0.276785821,1.38410473,-0.664436579,0.0659465045,-0.273017675,-0.240467876,-0.0463789031,-0.630838752,0.160035193,0.114166781,-0.630667865,-0.774088979,0.359412104,0.0699246749,1.27188253,0.134664729,-0.460848182,-0.0129935853,0.0219397135,0.268345833,0.249465242,-0.560164809,0.502253056,1.06014764,-0.372731954,0.0921546668,-0.339528114,-0.257293999,-1.34732592,-0.276785821,1.38410473,-0.664436579,0.0659465045,-0.273017675
0.33193491,3214716.47,0,0,0.0112725841,5.65219671e-06,0,0.188444275,0,1,-0.771827996,0.35571295,0.152244508,-0.504550755,-2.99365139,-1.55019963,0.396597058,0,-0,-0,-0.459865868,-0.153843775,-0.227034971,1.11250436,-0.592740774,-0.0898519531,-0.485880345,-0.316413701,0.385296166,1.01901793,-0.163685113,-0.283943951,0.0794377923,0.253261417,0.0685579479,0.0818103552,0.171498463,0.655847609,0.787333667,-0.290166229,-0.0220135041,-0.174895361,-0.235054463,-0.600185871,-0.0600130819,1.30429471,-0.618270874,-0.0618037768,-0.20671998,1.88239169,-0.0492657572,-5.64903402,-0.179435879,3.63852048,-0.85499227,-5.33276606,0.319352448,1.16873038,8.75269318,6.42921019,0.0914389268,-0.403738141,1.96928203,2.55096507,-0.196714118,-0.751791716,4.45920563,2.40007997,-3.52178192,-2.92749715,-2.59920144,-3.98709202,-3.19638705,-4.40192652,1.97927642,-2.51305127,2.95717978,-2.25312209,-0.240467876,-0.0463789031,-0.630838752,0.160035193,0.114166781,-0.630667865,-0.774088979,0.359412104,0.0699246749,1.27188253,0.134664729,-0.460848182,-0.0129935853,0.0219397135,0.268345833,0.249465242,-0.560164809,0.502253056,1.06014764,-0.372731954,0.0921546668,-0.339528114,-0.257293999,-1.34732592,-0.276785821,1.38410473,-0.664436579,0.0659465045,-0.273017675,-0.240467876,-0.0463789031,-0.630838752,0.160035193,0.114166781,-0.630667865,-0.774088979,0.359412104,0.0699246749,1.27188253,0.134664729,-0.460848182,-0.0129935853,0.0219397135,0.268345833,0.249465242,-0.560164809,0.502253056,1.06014764,-0.372731954,0.0921546668,-0.339528114,-0.257293999,-1.34732592,-0.276785821,1.38410473,-0.664436579,0.0659465045,-0.273017675,-0.240467876,-0.0463789031,-0.630838752,0.160035193,0.114166781,-0.630667865,-0.774088979,0.359412104,0.0699246749,1.27188253,0.134664729,-0.460848182,-0.0129935853,0.0219397135,0.268345833,0.249465242,-0.560164809,0.502253056,1.06014764,-0.372731954,0.0921546668,-0.339528114,-0.257293999,-1.34732592,-0.276785821,1.38410473,-0.664436579,0.0659465045,-0.273017675
0.34193849,3214716.48,0,0,0.001238022,5.66802919e-06,0,0.251458958,0.525225222,1,-0.768935204,0.358689696,0.157662928,-0.505195737,-3.01583815,-1.70667541,0.178431898,0,-0,-0,-0.449788421,-0.153999448,-0.250165075,1.10666573,-0.564713061,-0.095966965,-0.506366074,-0.312622845,0.390443832,1.05380869,-0.137947276,-0.283494145,0.0782266632,0.261160254,0.0793212727,0.0809625536,0.168472126,0.672294736,0.798497975,-0.30514726,-0.0345896482,-0.184485242,-0.25046584,-0.613577068,-0.0790114552,1.31212175,-0.627602756,-0.0490984507,-0.215156853,2.76765656,0.0297131781,-5.88841534,-2.35554075,10.5426521,-2.43659425,-5.04191017,1.19623661,1.2978847,8.64754868,6.38697147,0.117857717,-0.257739782,2.02165151,2.70962095,-0.19363223,-0.772942722,3.99400425,2.8960762,-3.80348039,-3.20588231,-2.32656026,-3.79891849,-3.41930819,-4.82265282,1.94960368,-2.26192713,3.2239449,-2.05564332,-0.278921783,-0.545883954,-0.332082748,-0.365190029,0.53911978,-0.773313344,-0.621013761,0.875611305,-0.291690558,1.28634071,0.18252115,-0.415375978,-0.0348850004,0.212550879,0.201631993,0.355373383,-0.712907791,0.427862406,1.17668605,-0.534331083,0.110329151,-0.289445728,-0.212928712,-1.60944414,-0.359361976,1.45569527,-0.672820687,0.108343914,-0.247415289,-0.278921783,-0.545883954,-0.332082748,-0.365190029,0.53911978,-0.773313344,-0.621013761,0.875611305,-0.291690558,1.28634071,0.18252115,-0.415375978,-0.0348850004,0.212550879,0.201631993,0.355373383,-0.712907791,0.427862406,1.17668605,-0.534331083,0.110329151,-0.289445728,-0.212928712,-1.60944414,-0.359361976,1.45569527,-0.672820687,0.108343914,-0.247415289,-0.278921783,-0.545883954,-0.332082748,-0.365190029,0.53911978,-0.773313344,-0.621013761,0.875611305,-0.291690558,1.28634071,0.18252115,-0.415375978,-0.0348850004,0.212550879,0.201631993,0.355373383,-0.712907791,0.427862406,1.17668605,-0.534331083,0.110329151,-0.289445728,-0.212928712,-1.60944414,-0.359361976,1.45569527,-0.672820687,0.108343914,-0.247415289
0.352938429,3214716.49,0,0,0.0122379609,7.8077428e-06,0,0.251458958,0,1,-0.756777406,0.371491253,0.186313167,-0.504548848,-3.60894346,-2.12500787,-0.594015896,0,-0,-0,-0.372901797,-0.146465227,-0.357347131,1.04421616,-0.429887772,-0.108427078,-0.581909955,-0.255076319,0.406045318,1.18957734,-0.0415629521,-0.281194478,0.0803206041,0.302249193,0.131043822,0.0809686705,0.150224924,0.7210778,0.862167954,-0.379600763,-0.0995343998,-0.210930452,-0.30603829,-0.689820528,-0.16566807,1.34530973,-0.652878821,0.00788462814,-0.241290763,5.85052729,1.18220127,-6.13609791,-7.07567406,18.0433559,-4.06205368,-3.26334572,4.78519917,-0.281397611,6.34048271,4.74913883,0.127316907,0.246405527,2.8298533,3.00442314,0.403750062,-1.20833302,1.17166317,3.95747876,-5.0018816,-4.03074408,-0.605405569,-2.5942626,-5.00912237,-4.87090588,1.92025983,-0.834329963,2.99283242,-0.848758459,-0.278921783,-0.545883954,-0.332082748,-0.365190029,0.53911978,-0.773313344,-0.621013761,0.875611305,-0.291690558,1.28634071,0.18252115,-0.415375978,-0.0348850004,0.212550879,0.201631993,0.355373383,-0.712907791,0.427862406,1.17668605,-0.534331083,0.110329151,-0.289445728,-0.212928712,-1.60944414,-0.359361976,1.45569527,-0.672820687,0.108343914,-0.247415289,-0.278921783,-0.545883954,-0.332082748,-0.365190029,0.53911978,-0.773313344,-0.621013761,0.875611305,-0.291690558,1.28634071,0.18252115,-0.415375978,-0.0348850004,0.212550879,0.201631993,0.355373383,-0.712907791,0.427862406,1.17668605,-0.534331083,0.110329151,-0.289445728,-0.212928712,-1.60944414,-0.359361976,1.45569527,-0.672820687,0.108343914,-0.247415289,-0.278921783,-0.545883954,-0.332082748,-0.365190029,0.53911978,-0.773313344,-0.621013761,0.875611305,-0.291690558,1.28634071,0.18252115,-0.415375978,-0.0348850004,0.212550879,0.201631993,0.355373383,-0.712907791,0.427862406,1.17668605,-0.534331083,0.110329151,-0.289445728,-0.212928712,-1.60944414,-0.359361976,1.45569527,-0.672820687,0.108343914,-0.247415289
0.362939629,3214716.5,0,0,0.00221854402,8.05687159e-06,0,0.277103391,0.456439197,1,-0.748661041,0.379714429,0.203549087,-0.503876328,-3.55531073,-1.88761246,-0.438911736,0,-0,-0,-0.308936536,-0.131828949,-0.40381363,0.966214538,-0.335891426,-0.151873812,-0.607523441,-0.207678601,0.381295472,1.23620832,0.00576694869,-0.279888511,0.0776627362,0.331415921,0.159097835,0.0909868553,0.13756232,0.714171708,0.904585958,-0.443259239,-0.143848002,-0.208198339,-0.327870578,-0.745356083,-0.213145882,1.36704147,-0.660251975,0.0339200459,-0.243743405,7.46987391,2.04579473,-3.69303179,-10.4669905,2.43366194,-6.11856651,-2.39169574,5.06488228,-3.39816117,3.76625371,4.44738579,0.128858149,-0.13104856,2.87543797,2.51887608,1.38486433,-1.39221823,-1.52206898,4.28324223,-6.72034454,-4.54316521,0.62716198,-1.76580286,-5.91768408,-4.46357632,2.28086901,-0.632174015,2.31634688,0.0492344648,-0.356969059,-1.00232315,-0.0743159652,-0.750292838,0.928919256,-0.713040829,-0.398236394,1.10900819,-0.600948155,1.06262934,0.149328068,-0.410379261,-0.031516891,0.331904858,0.173005506,0.658653736,-0.666746914,0.353976667,1.30706811,-0.671994686,0.0744944736,-0.0476272702,-0.148423404,-1.73449314,-0.413720489,1.54507303,-0.605435729,0.17412433,-0.232171565,-0.356969059,-1.00232315,-0.0743159652,-0.750292838,0.928919256,-0.713040829,-0.398236394,1.10900819,-0.600948155,1.06262934,0.149328068,-0.410379261,-0.031516891,0.331904858,0.173005506,0.658653736,-0.666746914,0.353976667,1.30706811,-0.671994686,0.0744944736,-0.0476272702,-0.148423404,-1.73449314,-0.413720489,1.54507303,-0.605435729,0.17412433,-0.232171565,-0.356969059,-1.00232315,-0.0743159652,-0.750292838,0.928919256,-0.713040829,-0.398236394,1.10900819,-0.600948155,1.06262934,0.149328068,-0.410379261,-0.031516891,0.331904858,0.173005506,0.658653736,-0.666746914,0.353976667,1.30706811,-0.671994686,0.0744944736,-0.0476272702,-0.148423404,-1.73449314,-0.413720489,1.54507303,-0.605435729,0.17412433,-0.232171565
0.373933559,3214716.52,0,0,0.0132124741,5.48595563e-06,0,0.277103391,0,1,-0.74059093,0.389459252,0.220321715,-0.501303256,-4.15535402,-1.47007596,-0.415893734,0,-0,-0,-0.206781372,-0.0941485688,-0.434789479,0.726246059,-0.135816678,-0.256162792,-0.622243047,-0.158949494,0.319395751,1.24198544,0.044680085,-0.27876839,0.0743606687,0.365785182,0.177466556,0.115540683,0.119695961,0.674193144,0.944906533,-0.522746682,-0.192943364,-0.185083717,-0.34113425,-0.812865019,-0.256044537,1.39433026,-0.657570004,0.0578998886,-0.239295632,12.0539064,5.25770569,-2.13882113,-33.2301826,28.3345451,-9.98723412,-0.760252833,4.55075598,-8.4268837,-1.94665408,3.488446,0.0991607979,-0.515534759,3.92414856,1.26075566,3.26969838,-2.09496665,-5.86580944,3.78503942,-8.82783794,-5.19571352,3.7055099,-1.06759143,-7.35333204,-4.26299286,3.09468174,0.983586788,2.58541107,0.681610942,-0.356969059,-1.00232315,-0.0743159652,-0.750292838,0.928919256,-0.713040829,-0.398236394,1.10900819,-0.600948155,1.06262934,0.149328068,-0.410379261,-0.031516891,0.331904858,0.173005506,0.658653736,-0.666746914,0.353976667,1.30706811,-0.671994686,0.0744944736,-0.0476272702,-0.148423404,-1.73449314,-0.413720489,1.54507303,-0.605435729,0.17412433,-0.232171565,-0.356969059,-1.00232315,-0.0743159652,-0.750292838,0.928919256,-0.713040829,-0.398236394,1.10900819,-0.600948155,1.06262934,0.149328068,-0.410379261,-0.031516891,0.331904858,0.173005506,0.658653736,-0.666746914,0.353976667,1.30706811,-0.671994686,0.0744944736,-0.0476272702,-0.148423404,-1.73449314,-0.413720489,1.54507303,-0.605435729,0.17412433,-0.232171565,-0.356969059,-1.00232315,-0.0743159652,-0.750292838,0.928919256,-0.713040829,-0.398236394,1.10900819,-0.600948155,1.06262934,0.149328068,-0.410379261,-0.031516891,0.331904858,0.173005506,0.658653736,-0.666746914,0.353976667,1.30706811,-0.671994686,0.0744944736,-0.0476272702,-0.148423404,-1.73449314,-0.413720489,1.54507303,-0.605435729,0.17412433,-0.232171565
0.384007417,3214716.53,0,0,0.00334344711,7.26617873e-06,0,0.222219154,0.576938748,1,-0.730200827,0.408275247,0.23557736,-0.4945921,-6.51270199,0.65806967,0.14686799,0,-0,-0,-0.0822462961,-0.0101718549,-0.424954355,0.315552562,0.118282855,-0.315376043,-0.629882753,-0.104406551,0.206197828,1.19956517,0.0715579242,-0.27785486,0.0686704963,0.41965425,0.168895915,0.162023172,0.0908092856,0.60955435,0.975872695,-0.604126871,-0.245730847,-0.14180465,-0.347948045,-0.897831619,-0.294219673,1.4290725,-0.643909752,0.0833815858,-0.230950266,11.485199,10.2456102,3.53690434,-42.8520813,21.9019432,-3.28289127,-0.956929147,6.19984961,-13.2643995,-5.4110074,2.17693353,0.0890416801,-0.922751009,6.59609699,-2.45278645,5.59105062,-3.498353,-6.33615732,2.55206347,-7.28337765,-5.29316568,4.37286854,-0.577985704,-9.36887455,-3.44653773,3.64972496,1.46063161,2.44091868,0.899213791,-0.33268407,-1.13211787,0.044286523,-1.14230561,0.510944307,-0.394486994,0.0354184285,0.861081183,-0.78822583,0.849273741,0.22896497,-0.446262211,-0.0129410587,0.412421405,-0.14595525,1.23559248,-0.615745366,0.282519728,1.49294865,-0.914474368,0.183590591,0.146183312,-0.189507246,-1.90588713,-0.547526002,1.63436413,-0.59841311,0.214785054,-0.330078512,-0.33268407,-1.13211787,0.044286523,-1.14230561,0.510944307,-0.394486994,0.0354184285,0.861081183,-0.78822583,0.849273741,0.22896497,-0.446262211,-0.0129410587,0.412421405,-0.14595525,1.23559248,-0.615745366,0.282519728,1.49294865,-0.914474368,0.183590591,0.146183312,-0.189507246,-1.90588713,-0.547526002,1.63436413,-0.59841311,0.214785054,-0.330078512,-0.33268407,-1.13211787,0.044286523,-1.14230561,0.510944307,-0.394486994,0.0354184285,0.861081183,-0.78822583,0.849273741,0.22896497,-0.446262211,-0.0129410587,0.412421405,-0.14595525,1.23559248,-0.615745366,0.282519728,1.49294865,-0.914474368,0.183590591,0.146183312,-0.189507246,-1.90588713,-0.547526002,1.63436413,-0.59841311,0.214785054,-0.330078512
0.389932433,3214716.53,3,64,0.00926846312,4.55416739e-06,0,0.222219154,0,1,-0.715211213,0.434024245,0.247374013,-0.488776028,-9.00351238,0.336944789,1.660429,0,-0,-0,0.0056518307,0.0866164789,-0.355472654,-0.0272444598,0.235852584,-0.32604,-0.624558747,-0.0498031937,0.0778169632,1.13270485,0.094164677,-0.277330846,0.0524916351,0.487874597,0.145971522,0.212226331,0.0587093607,0.550292671,0.995732784,-0.66687572,-0.292381316,-0.104745761,-0.355575323,-0.983775198,-0.329087466,1.46243262,-0.632852912,0.102459989,-0.231834859,11.4984245,13.160841,12.3474989,-43.4944611,9.51015282,-0.409720391,2.4128871,7.08279085,-17.983593,-10.9196701,3.71554303,0.0451045893,-2.78975654,9.86766815,-2.58217382,6.54599094,-4.21696568,-8.7502327,2.68746924,-8.93638802,-6.35050154,4.98331356,-1.29298031,-11.6963997,-5.47066116,4.65759802,1.31107605,2.4141264,-1.13300169,-0.33268407,-1.13211787,0.044286523,-1.14230561,0.510944307,-0.394486994,0.0354184285,0.861081183,-0.78822583,0.849273741,0.22896497,-0.446262211,-0.0129410587,0.412421405,-0.14595525,1.23559248,-0.615745366,0.282519728,1.49294865,-0.914474368,0.183590591,0.146183312,-0.189507246,-1.90588713,-0.547526002,1.63436413,-0.59841311,0.214785054,-0.330078512,-0.33268407,-1.13211787,0.044286523,-1.14230561,0.510944307,-0.394486994,0.0354184285,0.861081183,-0.78822583,0.849273741,0.22896497,-0.446262211,-0.0129410587,0.412421405,-0.14595525,1.23559248,-0.615745366,0.282519728,1.49294865,-0.914474368,0.183590591,0.146183312,-0.189507246,-1.90588713,-0.547526002,1.63436413,-0.59841311,0.214785054,-0.330078512,-0.33268407,-1.13211787,0.044286523,-1.14230561,0.510944307,-0.394486994,0.0354184285,0.861081183,-0.78822583,0.849273741,0.22896497,-0.446262211,-0.0129410587,0.412421405,-0.14595525,1.23559248,-0.615745366,0.282519728,1.49294865,-0.914474368,0.183590591,0.146183312,-0.189507246,-1.90588713,-0.547526002,1.63436413,-0.59841311,0.214785054,-0.330078512
0.390053761,3214716.53,2,0,0.00938979117,0.000125882216,0,0.222219154,0,1,-0.715211213,0.434024245,0.247374013,-0.488776028,-9.00351238,0.336944789,1.660429,0,-0,-0,0.0056518307,0.0866164789,-0.355472654,-0.0272444598,0.235852584,-0.32604,-0.624558747,-0.0498031937,0.0778169632,1.13270485,0.094164677,-0.277330846,0.0524916351,0.487874597,0.145971522,0.212226331,0.0587093607,0.550292671,0.995732784,-0.66687572,-0.292381316,-0.104745761,-0.355575323,-0.983775198,-0.329087466,1.46243262,-0.632852912,0.102459989,-0.231834859,11.4984245,13.160841,12.3474989,-43.4944611,9.51015282,-0.409720391,2.4128871,7.08279085,-17.983593,-10.9196701,3.71554303,0.0451045893,-2.78975654,9.86766815,-2.58217382,6.54599094,-4.21696568,-8.7502327,2.68746924,-8.93638802,-6.35050154,4.98331356,-1.29298031,-11.6963997,-5.47066116,4.65759802,1.31107605,2.4141264,-1.13300169,-0.33268407,-1.13211787,0.044286523,-1.14230561,0.510944307,-0.394486994,0.0354184285,0.861081183,-0.78822583,0.849273741,0.22896497,-0.446262211,-0.0129410587,0.412421405,-0.14595525,1.23559248,-0.615745366,0.282519728,1.49294865,-0.914474368,0.183590591,0.146183312,-0.189507246,-1.90588713,-0.547526002,1.63436413,-0.59841311,0.214785054,-0.330078512,-0.33268407,-1.13211787,0.044286523,-1.14230561,0.510944307,-0.394486994,0.0354184285,0.861081183,-0.78822583,0.849273741,0.22896497,-0.446262211,-0.0129410587,0.412421405,-0.14595525,1.23559248,-0.615745366,0.282519728,1.49294865,-0.914474368,0.183590591,0.146183312,-0.189507246,-1.90588713,-0.547526002,1.63436413,-0.59841311,0.214785054,-0.330078512,-0.33268407,-1.13211787,0.044286523,-1.14230561,0.510944307,-0.394486994,0.0354184285,0.861081183,-0.78822583,0.849273741,0.22896497,-0.446262211,-0.0129410587,0.412421405,-0.14595525,1.23559248,-0.615745366,0.282519728,1.49294865,-0.914474368,0.183590591,0.146183312,-0.189507246,-1.90588713,-0.547526002,1.63436413,-0.59841311,0.214785054,-0.330078512
